,PassengerId,Survived,Pclass,Name,Sex,Age,SibSp,Parch,Ticket,Fare,Cabin,Embarked
0,1,0.0,3.0,"Braund,Mr.OwenHarris",male,22.0,1.0,0.0,A/521171,7.25,B96B98,S
1,2,1.0,1.0,"Cumings,Mrs.JohnBradley(FlorenceBriggsThayer)",female,38.0,1.0,0.0,PC17599,71.2833,C85,C
2,3,1.0,3.0,"Heikkinen,Miss.Laina",female,26.0,0.0,0.0,STON/O2.3101282,7.925,B96B98,S
3,4,1.0,1.0,"Futrelle,Mrs.JacquesHeath(LilyMayPeel)",female,35.0,1.0,0.0,113803,53.1,C123,S
4,5,0.0,3.0,"Allen,Mr.WilliamHenry",male,35.0,0.0,0.0,373450,8.05,B96B98,S
5,6,0.0,3.0,"Moran,Mr.James",male,22.9285,0.0,0.0,330877,8.4583,B96B98,Q
6,7,0.0,1.0,"McCarthy,Mr.TimothyJ",male,54.0,0.0,0.0,17463,51.8625,E46,S
7,8,0.0,3.0,"Palsson,Master.GostaLeonard",male,2.0,3.0,1.0,349909,21.075,B96B98,S
8,9,1.0,3.0,"Johnson,Mrs.OscarW(ElisabethVilhelminaBerg)",female,27.0,0.0,2.0,347742,11.1333,B96B98,S
9,10,1.0,2.0,"Nasser,Mrs.Nicholas(AdeleAchem)",female,14.0,1.0,0.0,237736,30.0708,B96B98,C
10,11,1.0,3.0,"Sandstrom,Miss.MargueriteRut",female,4.0,1.0,1.0,PP9549,16.7,G6,S
11,12,1.0,1.0,"Bonnell,Miss.Elizabeth",female,58.0,0.0,0.0,113783,26.55,C103,S
12,13,0.0,3.0,"Saundercock,Mr.WilliamHenry",male,20.0,0.0,0.0,A/5.2151,8.05,B96B98,S
13,14,0.0,3.0,"Andersson,Mr.AndersJohan",male,39.0,1.0,5.0,347082,31.275,B96B98,S
14,15,0.0,3.0,"Vestrom,Miss.HuldaAmandaAdolfina",female,14.0,0.0,0.0,350406,7.8542,B96B98,S
15,16,1.0,2.0,"Hewlett,Mrs.(MaryDKingcome)",female,55.0,0.0,0.0,248706,16.0,B96B98,S
16,17,0.0,3.0,"Rice,Master.Eugene",male,2.0,4.0,1.0,382652,29.125,B96B98,Q
17,18,1.0,2.0,"Williams,Mr.CharlesEugene",male,33.55818216322217,0.0,0.0,244373,13.0,B96B98,S
18,19,0.0,3.0,"VanderPlanke,Mrs.Julius(EmeliaMariaVandemoortele)",female,31.0,1.0,0.0,345763,18.0,B96B98,S
19,20,1.0,3.0,"Masselmani,Mrs.Fatima",female,17.923833333333338,0.0,0.0,2649,7.225,B96B98,C
20,21,0.0,2.0,"Fynney,Mr.JosephJ",male,35.0,0.0,0.0,239865,26.0,B96B98,S
21,22,1.0,2.0,"Beesley,Mr.Lawrence",male,34.0,0.0,0.0,248698,13.0,D56,S
22,23,1.0,3.0,"McGowan,Miss.Anna""Annie""",female,15.0,0.0,0.0,330923,8.0292,B96B98,Q
23,24,1.0,1.0,"Sloper,Mr.WilliamThompson",male,28.0,0.0,0.0,113788,35.5,A6,S
24,25,0.0,3.0,"Palsson,Miss.TorborgDanira",female,8.0,3.0,1.0,349909,21.075,B96B98,S
25,26,1.0,3.0,"Asplund,Mrs.CarlOscar(SelmaAugustaEmiliaJohansson)",female,38.0,1.0,5.0,347077,31.3875,B96B98,S
26,27,0.0,3.0,"Emir,Mr.FarredChehab",male,34.315269841269846,0.0,0.0,2631,7.225,B96B98,C
27,28,0.0,1.0,"Fortune,Mr.CharlesAlexander",male,19.0,3.0,2.0,19950,263.0,C23C25C27,S
28,29,1.0,3.0,"O'Dwyer,Miss.Ellen""Nellie""",female,21.73642857142857,0.0,0.0,330959,7.8792,B96B98,Q
29,30,0.0,3.0,"Todoroff,Mr.Lalio",male,28.026151744726427,0.0,0.0,349216,7.8958,B96B98,S
30,31,0.0,1.0,"Uruchurtu,Don.ManuelE",male,40.0,0.0,0.0,PC17601,27.7208,B96B98,C
31,32,1.0,1.0,"Spencer,Mrs.WilliamAugustus(MarieEugenie)",female,34.29843809523809,1.0,0.0,PC17569,146.5208,B78,C
32,33,1.0,3.0,"Glynn,Miss.MaryAgatha",female,22.236285714285714,0.0,0.0,335677,7.75,B96B98,Q
33,34,0.0,2.0,"Wheadon,Mr.EdwardH",male,66.0,0.0,0.0,C.A.24579,10.5,B96B98,S
34,35,0.0,1.0,"Meyer,Mr.EdgarJoseph",male,28.0,1.0,0.0,PC17604,82.1708,B96B98,C
35,36,0.0,1.0,"Holverson,Mr.AlexanderOskar",male,42.0,1.0,0.0,113789,52.0,B96B98,S
36,37,1.0,3.0,"Mamee,Mr.Hanna",male,16.988833333333332,0.0,0.0,2677,7.2292,B96B98,C
37,38,0.0,3.0,"Cann,Mr.ErnestCharles",male,21.0,0.0,0.0,A./5.2152,8.05,B96B98,S
38,39,0.0,3.0,"VanderPlanke,Miss.AugustaMaria",female,18.0,2.0,0.0,345764,18.0,B96B98,S
39,40,1.0,3.0,"Nicola-Yarred,Miss.Jamila",female,14.0,1.0,0.0,2651,11.2417,B96B98,C
40,41,0.0,3.0,"Ahlin,Mrs.Johan(JohannaPersdotterLarsson)",female,40.0,1.0,0.0,7546,9.475,B96B98,S
41,42,0.0,2.0,"Turpin,Mrs.WilliamJohnRobert(DorothyAnnWonnacott)",female,27.0,1.0,0.0,11668,21.0,B96B98,S
42,43,0.0,3.0,"Kraeff,Mr.Theodor",male,28.026151744726427,0.0,0.0,349253,7.8958,B96B98,C
43,44,1.0,2.0,"Laroche,Miss.SimonneMarieAnneAndree",female,3.0,1.0,2.0,SC/Paris2123,41.5792,B96B98,C
44,45,1.0,3.0,"Devaney,Miss.MargaretDelia",female,19.0,0.0,0.0,330958,7.8792,B96B98,Q
45,46,0.0,3.0,"Rogers,Mr.WilliamJohn",male,31.623219593010766,0.0,0.0,S.C./A.4.23567,8.05,B96B98,S
46,47,0.0,3.0,"Lennon,Mr.Denis",male,33.909619047619046,1.0,0.0,370371,15.5,B96B98,Q
47,48,1.0,3.0,"O'Driscoll,Miss.Bridget",female,22.236285714285714,0.0,0.0,14311,7.75,B96B98,Q
48,49,0.0,3.0,"Samaan,Mr.Youssef",male,23.35416666666667,2.0,0.0,2662,21.6792,B96B98,C
49,50,0.0,3.0,"Arnold-Franchi,Mrs.Josef(JosefineFranchi)",female,18.0,1.0,0.0,349237,17.8,B96B98,S
50,51,0.0,3.0,"Panula,Master.JuhaNiilo",male,7.0,4.0,1.0,3101295,39.6875,B96B98,S
51,52,0.0,3.0,"Nosworthy,Mr.RichardCater",male,21.0,0.0,0.0,A/4.39886,7.8,B96B98,S
52,53,1.0,1.0,"Harper,Mrs.HenrySleeper(MynaHaxtun)",female,49.0,1.0,0.0,PC17572,76.7292,D33,C
53,54,1.0,2.0,"Faunthorpe,Mrs.Lizzie(ElizabethAnneWilkinson)",female,29.0,1.0,0.0,2926,26.0,B96B98,S
54,55,0.0,1.0,"Ostby,Mr.EngelhartCornelius",male,65.0,0.0,1.0,113509,61.9792,B30,C
55,56,1.0,1.0,"Woolner,Mr.Hugh",male,43.87,0.0,0.0,19947,35.5,C52,S
56,57,1.0,2.0,"Rugg,Miss.Emily",female,21.0,0.0,0.0,C.A.31026,10.5,B96B98,S
57,58,0.0,3.0,"Novel,Mr.Mansouer",male,28.5,0.0,0.0,2697,7.2292,B96B98,C
58,59,1.0,2.0,"West,Miss.ConstanceMirium",female,5.0,1.0,2.0,C.A.34651,27.75,B96B98,S
59,60,0.0,3.0,"Goodwin,Master.WilliamFrederick",male,11.0,5.0,2.0,CA2144,46.9,B96B98,S
60,61,0.0,3.0,"Sirayanian,Mr.Orsen",male,22.0,0.0,0.0,2669,7.2292,B96B98,C
61,62,1.0,1.0,"Icard,Miss.Amelie",female,38.0,0.0,0.0,113572,80.0,B28,S
62,63,0.0,1.0,"Harris,Mr.HenryBirkhardt",male,45.0,1.0,0.0,36973,83.475,C83,S
63,64,0.0,3.0,"Skoog,Master.Harald",male,4.0,3.0,2.0,347088,27.9,B96B98,S
64,65,0.0,1.0,"Stewart,Mr.AlbertA",male,39.89375,0.0,0.0,PC17605,27.7208,B96B98,C
65,66,1.0,3.0,"Moubarek,Master.Gerios",male,15.201200000000002,1.0,1.0,2661,15.2458,B96B98,C
66,67,1.0,2.0,"Nye,Mrs.(ElizabethRamell)",female,29.0,0.0,0.0,C.A.29395,10.5,F33,S
67,68,0.0,3.0,"Crease,Mr.ErnestJames",male,19.0,0.0,0.0,S.P.3464,8.1583,B96B98,S
68,69,1.0,3.0,"Andersson,Miss.ErnaAlexandra",female,17.0,4.0,2.0,3101281,7.925,B96B98,S
69,70,0.0,3.0,"Kink,Mr.Vincenz",male,26.0,2.0,0.0,315151,8.6625,B96B98,S
70,71,0.0,2.0,"Jenkin,Mr.StephenCurnow",male,32.0,0.0,0.0,C.A.33111,10.5,B96B98,S
71,72,0.0,3.0,"Goodwin,Miss.LillianAmy",female,16.0,5.0,2.0,CA2144,46.9,B96B98,S
72,73,0.0,2.0,"Hood,Mr.AmbroseJr",male,21.0,0.0,0.0,S.O.C.14879,73.5,B96B98,S
73,74,0.0,3.0,"Chronopoulos,Mr.Apostolos",male,26.0,1.0,0.0,2680,14.4542,B96B98,C
74,75,1.0,3.0,"Bing,Mr.Lee",male,32.0,0.0,0.0,1601,56.4958,B96B98,S
75,76,0.0,3.0,"Moen,Mr.SigurdHansen",male,25.0,0.0,0.0,348123,7.65,FG73,S
76,77,0.0,3.0,"Staneff,Mr.Ivan",male,28.026151744726427,0.0,0.0,349208,7.8958,B96B98,S
77,78,0.0,3.0,"Moutal,Mr.RahaminHaim",male,31.623219593010766,0.0,0.0,374746,8.05,B96B98,S
78,79,1.0,2.0,"Caldwell,Master.AldenGates",male,0.83,0.0,2.0,248738,29.0,B96B98,S
79,80,1.0,3.0,"Dowdell,Miss.Elizabeth",female,30.0,0.0,0.0,364516,12.475,B96B98,S
80,81,0.0,3.0,"Waelens,Mr.Achille",male,22.0,0.0,0.0,345767,9.0,B96B98,S
81,82,1.0,3.0,"Sheerlinck,Mr.JanBaptist",male,29.0,0.0,0.0,345779,9.5,B96B98,S
82,83,1.0,3.0,"McDermott,Miss.BrigdetDelia",female,24.07757142857143,0.0,0.0,330932,7.7875,B96B98,Q
83,84,0.0,1.0,"Carrau,Mr.FranciscoM",male,28.0,0.0,0.0,113059,47.1,B96B98,S
84,85,1.0,2.0,"Ilett,Miss.Bertha",female,17.0,0.0,0.0,SO/C14885,10.5,B96B98,S
85,86,1.0,3.0,"Backstrom,Mrs.KarlAlfred(MariaMathildaGustafsson)",female,33.0,3.0,0.0,3101278,15.85,B96B98,S
86,87,0.0,3.0,"Ford,Mr.WilliamNeal",male,16.0,1.0,3.0,W./C.6608,34.375,B96B98,S
87,88,0.0,3.0,"Slocovski,Mr.SelmanFrancis",male,31.623219593010766,0.0,0.0,SOTON/OQ392086,8.05,B96B98,S
88,89,1.0,1.0,"Fortune,Miss.MabelHelen",female,23.0,3.0,2.0,19950,263.0,C23C25C27,S
89,90,0.0,3.0,"Celotti,Mr.Francesco",male,24.0,0.0,0.0,343275,8.05,B96B98,S
90,91,0.0,3.0,"Christmann,Mr.Emil",male,29.0,0.0,0.0,343276,8.05,B96B98,S
91,92,0.0,3.0,"Andreasson,Mr.PaulEdvin",male,20.0,0.0,0.0,347466,7.8542,B96B98,S
92,93,0.0,1.0,"Chaffee,Mr.HerbertFuller",male,46.0,1.0,0.0,W.E.P.5734,61.175,E31,S
93,94,0.0,3.0,"Dean,Mr.BertramFrank",male,26.0,1.0,2.0,C.A.2315,20.575,B96B98,S
94,95,0.0,3.0,"Coxon,Mr.Daniel",male,59.0,0.0,0.0,364500,7.25,B96B98,S
95,96,0.0,3.0,"Shorney,Mr.CharlesJoseph",male,31.623219593010766,0.0,0.0,374910,8.05,B96B98,S
96,97,0.0,1.0,"Goldschmidt,Mr.GeorgeB",male,71.0,0.0,0.0,PC17754,34.6542,A5,C
97,98,1.0,1.0,"Greenfield,Mr.WilliamBertram",male,23.0,0.0,1.0,PC17759,63.3583,D10D12,C
98,99,1.0,2.0,"Doling,Mrs.JohnT(AdaJuliaBone)",female,34.0,0.0,1.0,231919,23.0,B96B98,S
99,100,0.0,2.0,"Kantor,Mr.Sinai",male,34.0,1.0,0.0,244367,26.0,B96B98,S
100,101,0.0,3.0,"Petranec,Miss.Matilda",female,28.0,0.0,0.0,349245,7.8958,B96B98,S
101,102,0.0,3.0,"Petroff,Mr.Pastcho(""Pentcho"")",male,28.026151744726427,0.0,0.0,349215,7.8958,B96B98,S
102,103,0.0,1.0,"White,Mr.RichardFrasar",male,21.0,0.0,1.0,35281,77.2875,D26,S
103,104,0.0,3.0,"Johansson,Mr.GustafJoel",male,33.0,0.0,0.0,7540,8.6542,B96B98,S
104,105,0.0,3.0,"Gustafsson,Mr.AndersVilhelm",male,37.0,2.0,0.0,3101276,7.925,B96B98,S
105,106,0.0,3.0,"Mionoff,Mr.Stoytcho",male,28.0,0.0,0.0,349207,7.8958,B96B98,S
106,107,1.0,3.0,"Salkjelsvik,Miss.AnnaKristine",female,21.0,0.0,0.0,343120,7.65,B96B98,S
107,108,1.0,3.0,"Moss,Mr.AlbertJohan",male,22.887900432900434,0.0,0.0,312991,7.775,B96B98,S
108,109,0.0,3.0,"Rekic,Mr.Tido",male,38.0,0.0,0.0,349249,7.8958,B96B98,S
109,110,1.0,3.0,"Moran,Miss.Bertha",female,30.480000000000004,1.0,0.0,371110,24.15,B96B98,Q
110,111,0.0,1.0,"Porter,Mr.WalterChamberlain",male,47.0,0.0,0.0,110465,52.0,C110,S
111,112,0.0,3.0,"Zabour,Miss.Hileni",female,14.5,1.0,0.0,2665,14.4542,B96B98,C
112,113,0.0,3.0,"Barton,Mr.DavidJohn",male,22.0,0.0,0.0,324669,8.05,B96B98,S
113,114,0.0,3.0,"Jussila,Miss.Katriina",female,20.0,1.0,0.0,4136,9.825,B96B98,S
114,115,0.0,3.0,"Attalah,Miss.Malake",female,17.0,0.0,0.0,2627,14.4583,B96B98,C
115,116,0.0,3.0,"Pekoniemi,Mr.Edvard",male,21.0,0.0,0.0,STON/O2.3101294,7.925,B96B98,S
116,117,0.0,3.0,"Connors,Mr.Patrick",male,70.5,0.0,0.0,370369,7.75,B96B98,Q
117,118,0.0,2.0,"Turpin,Mr.WilliamJohnRobert",male,29.0,1.0,0.0,11668,21.0,B96B98,S
118,119,0.0,1.0,"Baxter,Mr.QuiggEdmond",male,24.0,0.0,1.0,PC17558,247.5208,B58B60,C
119,120,0.0,3.0,"Andersson,Miss.EllisAnnaMaria",female,2.0,4.0,2.0,347082,31.275,B96B98,S
120,121,0.0,2.0,"Hickman,Mr.StanleyGeorge",male,21.0,2.0,0.0,S.O.C.14879,73.5,B96B98,S
121,122,0.0,3.0,"Moore,Mr.LeonardCharles",male,31.623219593010766,0.0,0.0,A4.54510,8.05,B96B98,S
122,123,0.0,2.0,"Nasser,Mr.Nicholas",male,32.5,1.0,0.0,237736,30.0708,B96B98,C
123,124,1.0,2.0,"Webber,Miss.Susan",female,32.5,0.0,0.0,27267,13.0,E101,S
124,125,0.0,1.0,"White,Mr.PercivalWayland",male,54.0,0.0,1.0,35281,77.2875,D26,S
125,126,1.0,3.0,"Nicola-Yarred,Master.Elias",male,12.0,1.0,0.0,2651,11.2417,B96B98,C
126,127,0.0,3.0,"McMahon,Mr.Martin",male,40.303690989566,0.0,0.0,370372,7.75,B96B98,Q
127,128,1.0,3.0,"Madsen,Mr.FridtjofArne",male,24.0,0.0,0.0,C17369,7.1417,B96B98,S
128,129,1.0,3.0,"Peter,Miss.Anna",female,15.205,1.0,1.0,2668,22.3583,FE69,C
129,130,0.0,3.0,"Ekstrom,Mr.Johan",male,45.0,0.0,0.0,347061,6.975,B96B98,S
130,131,0.0,3.0,"Drazenoic,Mr.Jozef",male,33.0,0.0,0.0,349241,7.8958,B96B98,C
131,132,0.0,3.0,"Coelho,Mr.DomingosFernandeo",male,20.0,0.0,0.0,SOTON/O.Q.3101307,7.05,B96B98,S
132,133,0.0,3.0,"Robins,Mrs.AlexanderA(GraceCharityLaury)",female,47.0,1.0,0.0,A/5.3337,14.5,B96B98,S
133,134,1.0,2.0,"Weisz,Mrs.Leopold(MathildeFrancoisePede)",female,29.0,1.0,0.0,228414,26.0,B96B98,S
134,135,0.0,2.0,"Sobey,Mr.SamuelJamesHayden",male,25.0,0.0,0.0,C.A.29178,13.0,B96B98,S
135,136,0.0,2.0,"Richard,Mr.Emile",male,23.0,0.0,0.0,SC/PARIS2133,15.0458,B96B98,C
136,137,1.0,1.0,"Newsom,Miss.HelenMonypeny",female,19.0,0.0,2.0,11752,26.2833,D47,S
137,138,0.0,1.0,"Futrelle,Mr.JacquesHeath",male,37.0,1.0,0.0,113803,53.1,C123,S
138,139,0.0,3.0,"Osen,Mr.OlafElon",male,16.0,0.0,0.0,7534,9.2167,B96B98,S
139,140,0.0,1.0,"Giglio,Mr.Victor",male,24.0,0.0,0.0,PC17593,79.2,B86,C
140,141,0.0,3.0,"Boulos,Mrs.Joseph(Sultana)",female,33.20066666666666,0.0,2.0,2678,15.2458,B96B98,C
141,142,1.0,3.0,"Nysten,Miss.AnnaSofia",female,22.0,0.0,0.0,347081,7.75,B96B98,S
142,143,1.0,3.0,"Hakkarainen,Mrs.PekkaPietari(ElinMatildaDolck)",female,24.0,1.0,0.0,STON/O2.3101279,15.85,B96B98,S
143,144,0.0,3.0,"Burke,Mr.Jeremiah",male,19.0,0.0,0.0,365222,6.75,B96B98,Q
144,145,0.0,2.0,"Andrew,Mr.EdgardoSamuel",male,18.0,0.0,0.0,231945,11.5,B96B98,S
145,146,0.0,2.0,"Nicholls,Mr.JosephCharles",male,19.0,1.0,1.0,C.A.33112,36.75,B96B98,S
146,147,1.0,3.0,"Andersson,Mr.AugustEdvard(""Wennerstrom"")",male,27.0,0.0,0.0,350043,7.7958,B96B98,S
147,148,0.0,3.0,"Ford,Miss.RobinaMaggie""Ruby""",female,9.0,2.0,2.0,W./C.6608,34.375,B96B98,S
148,149,0.0,2.0,"Navratil,Mr.Michel(""LouisMHoffman"")",male,36.5,0.0,2.0,230080,26.0,F2,S
149,150,0.0,2.0,"Byles,Rev.ThomasRousselDavids",male,42.0,0.0,0.0,244310,13.0,B96B98,S
150,151,0.0,2.0,"Bateman,Rev.RobertJames",male,51.0,0.0,0.0,S.O.P.1166,12.525,B96B98,S
151,152,1.0,1.0,"Pears,Mrs.Thomas(EdithWearne)",female,22.0,1.0,0.0,113776,66.6,C2,S
152,153,0.0,3.0,"Meo,Mr.Alfonzo",male,55.5,0.0,0.0,A.5.11206,8.05,B96B98,S
153,154,0.0,3.0,"vanBilliard,Mr.AustinBlyler",male,40.5,0.0,2.0,A/5.851,14.5,B96B98,S
154,155,0.0,3.0,"Olsen,Mr.OleMartin",male,30.357691364191382,0.0,0.0,Fa265302,7.3125,B96B98,S
155,156,0.0,1.0,"Williams,Mr.CharlesDuane",male,51.0,0.0,1.0,PC17597,61.3792,B96B98,C
156,157,1.0,3.0,"Gilnagh,Miss.Katherine""Katie""",female,16.0,0.0,0.0,35851,7.7333,B96B98,Q
157,158,0.0,3.0,"Corn,Mr.Harry",male,30.0,0.0,0.0,SOTON/OQ392090,8.05,B96B98,S
158,159,0.0,3.0,"Smiljanic,Mr.Mile",male,26.186329531579528,0.0,0.0,315037,8.6625,B96B98,S
159,160,0.0,3.0,"Sage,Master.ThomasHenry",male,9.802603174603176,8.0,2.0,CA.2343,69.55,B96B98,S
160,161,0.0,3.0,"Cribb,Mr.JohnHatfield",male,44.0,0.0,1.0,371362,16.1,B96B98,S
161,162,1.0,2.0,"Watt,Mrs.James(Elizabeth""Bessie""InglisMilne)",female,40.0,0.0,0.0,C.A.33595,15.75,B96B98,S
162,163,0.0,3.0,"Bengtsson,Mr.JohnViktor",male,26.0,0.0,0.0,347068,7.775,B96B98,S
163,164,0.0,3.0,"Calic,Mr.Jovo",male,17.0,0.0,0.0,315093,8.6625,B96B98,S
164,165,0.0,3.0,"Panula,Master.EinoViljami",male,1.0,4.0,1.0,3101295,39.6875,B96B98,S
165,166,1.0,3.0,"Goldsmith,Master.FrankJohnWilliam""Frankie""",male,9.0,0.0,2.0,363291,20.525,B96B98,S
166,167,1.0,1.0,"Chibnall,Mrs.(EdithMarthaBowerman)",female,25.47833333333333,0.0,1.0,113505,55.0,E33,S
167,168,0.0,3.0,"Skoog,Mrs.William(AnnaBernhardinaKarlsson)",female,45.0,1.0,4.0,347088,27.9,B96B98,S
168,169,0.0,1.0,"Baumann,Mr.JohnD",male,56.730444444444444,0.0,0.0,PC17318,25.925,B96B98,S
169,170,0.0,3.0,"Ling,Mr.Lee",male,28.0,0.0,0.0,1601,56.4958,B96B98,S
170,171,0.0,1.0,"Vanderhoef,Mr.Wyckoff",male,61.0,0.0,0.0,111240,33.5,B19,S
171,172,0.0,3.0,"Rice,Master.Arthur",male,4.0,4.0,1.0,382652,29.125,B96B98,Q
172,173,1.0,3.0,"Johnson,Miss.EleanorIleen",female,1.0,1.0,1.0,347742,11.1333,B96B98,S
173,174,0.0,3.0,"Sivola,Mr.AnttiWilhelm",male,21.0,0.0,0.0,STON/O2.3101280,7.925,B96B98,S
174,175,0.0,1.0,"Smith,Mr.JamesClinch",male,56.0,0.0,0.0,17764,30.6958,A7,C
175,176,0.0,3.0,"Klasen,Mr.KlasAlbin",male,18.0,1.0,1.0,350404,7.8542,B96B98,S
176,177,0.0,3.0,"Lefebre,Master.HenryForbes",male,7.04252777777778,3.0,1.0,4133,25.4667,B96B98,S
177,178,0.0,1.0,"Isham,Miss.AnnElizabeth",female,50.0,0.0,0.0,PC17595,28.7125,C49,C
178,179,0.0,2.0,"Hale,Mr.Reginald",male,30.0,0.0,0.0,250653,13.0,B96B98,S
179,180,0.0,3.0,"Leonard,Mr.Lionel",male,36.0,0.0,0.0,LINE,0.0,B96B98,S
180,181,0.0,3.0,"Sage,Miss.ConstanceGladys",female,9.802603174603176,8.0,2.0,CA.2343,69.55,B96B98,S
181,182,0.0,2.0,"Pernot,Mr.Rene",male,31.487142857142857,0.0,0.0,SC/PARIS2131,15.05,B96B98,C
182,183,0.0,3.0,"Asplund,Master.ClarenceGustafHugo",male,9.0,4.0,2.0,347077,31.3875,B96B98,S
183,184,1.0,2.0,"Becker,Master.RichardF",male,1.0,2.0,1.0,230136,39.0,F4,S
184,185,1.0,3.0,"Kink-Heilmann,Miss.LuiseGretchen",female,4.0,0.0,2.0,315153,22.025,B96B98,S
185,186,0.0,1.0,"Rood,Mr.HughRoscoe",male,57.29,0.0,0.0,113767,50.0,A32,S
186,187,1.0,3.0,"O'Brien,Mrs.Thomas(Johanna""Hannah""Godfrey)",female,26.11466666666667,1.0,0.0,370365,15.5,B96B98,Q
187,188,1.0,1.0,"Romaine,Mr.CharlesHallace(""MrCRolmane"")",male,45.0,0.0,0.0,111428,26.55,B96B98,S
188,189,0.0,3.0,"Bourke,Mr.John",male,40.0,1.0,1.0,364849,15.5,B96B98,Q
189,190,0.0,3.0,"Turcin,Mr.Stjepan",male,36.0,0.0,0.0,349247,7.8958,B96B98,S
190,191,1.0,2.0,"Pinsky,Mrs.(Rosa)",female,32.0,0.0,0.0,234604,13.0,B96B98,S
191,192,0.0,2.0,"Carbines,Mr.William",male,19.0,0.0,0.0,28424,13.0,B96B98,S
192,193,1.0,3.0,"Andersen-Jensen,Miss.CarlaChristineNielsine",female,19.0,1.0,0.0,350046,7.8542,B96B98,S
193,194,1.0,2.0,"Navratil,Master.MichelM",male,3.0,1.0,1.0,230080,26.0,F2,S
194,195,1.0,1.0,"Brown,Mrs.JamesJoseph(MargaretTobin)",female,44.0,0.0,0.0,PC17610,27.7208,B4,C
195,196,1.0,1.0,"Lurette,Miss.Elise",female,58.0,0.0,0.0,PC17569,146.5208,B80,C
196,197,0.0,3.0,"Mernagh,Mr.Robert",male,40.303690989566,0.0,0.0,368703,7.75,B96B98,Q
197,198,0.0,3.0,"Olsen,Mr.KarlSiegwartAndreas",male,42.0,0.0,1.0,4579,8.4042,B96B98,S
198,199,1.0,3.0,"Madigan,Miss.Margaret""Maggie""",female,22.236285714285714,0.0,0.0,370370,7.75,B96B98,Q
199,200,0.0,2.0,"Yrois,Miss.Henriette(""MrsHarbeck"")",female,24.0,0.0,0.0,248747,13.0,B96B98,S
200,201,0.0,3.0,"VandeWalle,Mr.NestorCyriel",male,28.0,0.0,0.0,345770,9.5,B96B98,S
201,202,0.0,3.0,"Sage,Mr.Frederick",male,9.802603174603176,8.0,2.0,CA.2343,69.55,B96B98,S
202,203,0.0,3.0,"Johanson,Mr.JakobAlfred",male,34.0,0.0,0.0,3101264,6.4958,B96B98,S
203,204,0.0,3.0,"Youseff,Mr.Gerious",male,45.5,0.0,0.0,2628,7.225,B96B98,C
204,205,1.0,3.0,"Cohen,Mr.Gurshon""Gus""",male,18.0,0.0,0.0,A/53540,8.05,B96B98,S
205,206,0.0,3.0,"Strom,Miss.TelmaMatilda",female,2.0,0.0,1.0,347054,10.4625,G6,S
206,207,0.0,3.0,"Backstrom,Mr.KarlAlfred",male,32.0,1.0,0.0,3101278,15.85,B96B98,S
207,208,1.0,3.0,"Albimona,Mr.NassefCassem",male,26.0,0.0,0.0,2699,18.7875,B96B98,C
208,209,1.0,3.0,"Carr,Miss.Helen""Ellen""",female,16.0,0.0,0.0,367231,7.75,B96B98,Q
209,210,1.0,1.0,"Blank,Mr.Henry",male,40.0,0.0,0.0,112277,31.0,A31,C
210,211,0.0,3.0,"Ali,Mr.Ahmed",male,24.0,0.0,0.0,SOTON/O.Q.3101311,7.05,B96B98,S
211,212,1.0,2.0,"Cameron,Miss.ClearAnnie",female,35.0,0.0,0.0,F.C.C.13528,21.0,B96B98,S
212,213,0.0,3.0,"Perkin,Mr.JohnHenry",male,22.0,0.0,0.0,A/521174,7.25,B96B98,S
213,214,0.0,2.0,"Givard,Mr.HansKristensen",male,30.0,0.0,0.0,250646,13.0,B96B98,S
214,215,0.0,3.0,"Kiernan,Mr.Philip",male,35.48993345543346,1.0,0.0,367229,7.75,B96B98,Q
215,216,1.0,1.0,"Newell,Miss.Madeleine",female,31.0,1.0,0.0,35273,113.275,D36,C
216,217,1.0,3.0,"Honkanen,Miss.Eliina",female,27.0,0.0,0.0,STON/O2.3101283,7.925,B96B98,S
217,218,0.0,2.0,"Jacobsohn,Mr.SidneySamuel",male,42.0,1.0,0.0,243847,27.0,B96B98,S
218,219,1.0,1.0,"Bazzani,Miss.Albina",female,32.0,0.0,0.0,11813,76.2917,D15,C
219,220,0.0,2.0,"Harris,Mr.Walter",male,30.0,0.0,0.0,W/C14208,10.5,B96B98,S
220,221,1.0,3.0,"Sunderland,Mr.VictorFrancis",male,16.0,0.0,0.0,SOTON/OQ392089,8.05,B96B98,S
221,222,0.0,2.0,"Bracken,Mr.JamesH",male,27.0,0.0,0.0,220367,13.0,B96B98,S
222,223,0.0,3.0,"Green,Mr.GeorgeHenry",male,51.0,0.0,0.0,21440,8.05,B96B98,S
223,224,0.0,3.0,"Nenkoff,Mr.Christo",male,28.026151744726427,0.0,0.0,349234,7.8958,B96B98,S
224,225,1.0,1.0,"Hoyt,Mr.FrederickMaxfield",male,38.0,1.0,0.0,19943,90.0,C93,S
225,226,0.0,3.0,"Berglund,Mr.KarlIvarSven",male,22.0,0.0,0.0,PP4348,9.35,B96B98,S
226,227,1.0,2.0,"Mellors,Mr.WilliamJohn",male,19.0,0.0,0.0,SW/PP751,10.5,B96B98,S
227,228,0.0,3.0,"Lovell,Mr.JohnHall(""Henry"")",male,20.5,0.0,0.0,A/521173,7.25,B96B98,S
228,229,0.0,2.0,"Fahlstrom,Mr.ArneJonas",male,18.0,0.0,0.0,236171,13.0,B96B98,S
229,230,0.0,3.0,"Lefebre,Miss.Mathilde",female,7.04252777777778,3.0,1.0,4133,25.4667,B96B98,S
230,231,1.0,1.0,"Harris,Mrs.HenryBirkhardt(IreneWallach)",female,35.0,1.0,0.0,36973,83.475,C83,S
231,232,0.0,3.0,"Larsson,Mr.BengtEdvin",male,29.0,0.0,0.0,347067,7.775,B96B98,S
232,233,0.0,2.0,"Sjostedt,Mr.ErnstAdolf",male,59.0,0.0,0.0,237442,13.5,B96B98,S
233,234,1.0,3.0,"Asplund,Miss.LillianGertrud",female,5.0,4.0,2.0,347077,31.3875,B96B98,S
234,235,0.0,2.0,"Leyson,Mr.RobertWilliamNorman",male,24.0,0.0,0.0,C.A.29566,10.5,B96B98,S
235,236,0.0,3.0,"Harknett,Miss.AlicePhoebe",female,35.902,0.0,0.0,W./C.6609,7.55,B96B98,S
236,237,0.0,2.0,"Hold,Mr.Stephen",male,44.0,1.0,0.0,26707,26.0,B96B98,S
237,238,1.0,2.0,"Collyer,Miss.Marjorie""Lottie""",female,8.0,0.0,2.0,C.A.31921,26.25,B96B98,S
238,239,0.0,2.0,"Pengelly,Mr.FrederickWilliam",male,19.0,0.0,0.0,28665,10.5,B96B98,S
239,240,0.0,2.0,"Hunt,Mr.GeorgeHenry",male,33.0,0.0,0.0,SCO/W1585,12.275,B96B98,S
240,241,0.0,3.0,"Zabour,Miss.Thamine",female,22.57049603174603,1.0,0.0,2665,14.4542,B96B98,C
241,242,1.0,3.0,"Murphy,Miss.Katherine""Kate""",female,26.11466666666667,1.0,0.0,367230,15.5,B96B98,Q
242,243,0.0,2.0,"Coleridge,Mr.ReginaldCharles",male,29.0,0.0,0.0,W./C.14263,10.5,B96B98,S
243,244,0.0,3.0,"Maenpaa,Mr.MattiAlexanteri",male,22.0,0.0,0.0,STON/O2.3101275,7.125,B96B98,S
244,245,0.0,3.0,"Attalah,Mr.Sleiman",male,30.0,0.0,0.0,2694,7.225,B96B98,C
245,246,0.0,1.0,"Minahan,Dr.WilliamEdward",male,44.0,2.0,0.0,19928,90.0,C78,Q
246,247,0.0,3.0,"Lindahl,Miss.AgdaThorildaViktoria",female,25.0,0.0,0.0,347071,7.775,B96B98,S
247,248,1.0,2.0,"Hamalainen,Mrs.William(Anna)",female,24.0,0.0,2.0,250649,14.5,B96B98,S
248,249,1.0,1.0,"Beckwith,Mr.RichardLeonard",male,37.0,1.0,1.0,11751,52.5542,D35,S
249,250,0.0,2.0,"Carter,Rev.ErnestCourtenay",male,54.0,1.0,0.0,244252,26.0,B96B98,S
250,251,0.0,3.0,"Reed,Mr.JamesGeorge",male,30.357691364191382,0.0,0.0,362316,7.25,B96B98,S
251,252,0.0,3.0,"Strom,Mrs.Wilhelm(ElnaMatildaPersson)",female,29.0,1.0,1.0,347054,10.4625,G6,S
252,253,0.0,1.0,"Stead,Mr.WilliamThomas",male,62.0,0.0,0.0,113514,26.55,C87,S
253,254,0.0,3.0,"Lobb,Mr.WilliamArthur",male,30.0,1.0,0.0,A/5.3336,16.1,B96B98,S
254,255,0.0,3.0,"Rosblom,Mrs.Viktor(HelenaWilhelmina)",female,41.0,0.0,2.0,370129,20.2125,B96B98,S
255,256,1.0,3.0,"Touma,Mrs.Darwis(HanneYoussefRazi)",female,29.0,0.0,2.0,2650,15.2458,B96B98,C
256,257,1.0,1.0,"Thorne,Mrs.GertrudeMaybelle",female,34.2997619047619,0.0,0.0,PC17585,79.2,B96B98,C
257,258,1.0,1.0,"Cherry,Miss.Gladys",female,30.0,0.0,0.0,110152,86.5,B77,S
258,259,1.0,1.0,"Ward,Miss.Anna",female,35.0,0.0,0.0,PC17755,512.3292,B96B98,C
259,260,1.0,2.0,"Parrish,Mrs.(LutieDavis)",female,50.0,0.0,1.0,230433,26.0,B96B98,S
260,261,0.0,3.0,"Smith,Mr.Thomas",male,40.303690989566,0.0,0.0,384461,7.75,B96B98,Q
261,262,1.0,3.0,"Asplund,Master.EdvinRojjFelix",male,3.0,4.0,2.0,347077,31.3875,B96B98,S
262,263,0.0,1.0,"Taussig,Mr.Emil",male,52.0,1.0,1.0,110413,79.65,E67,S
263,264,0.0,1.0,"Harrison,Mr.William",male,40.0,0.0,0.0,112059,0.0,B94,S
264,265,0.0,3.0,"Henry,Miss.Delia",female,40.303690989566,0.0,0.0,382649,7.75,B96B98,Q
265,266,0.0,2.0,"Reeves,Mr.David",male,36.0,0.0,0.0,C.A.17248,10.5,B96B98,S
266,267,0.0,3.0,"Panula,Mr.ErnestiArvid",male,16.0,4.0,1.0,3101295,39.6875,B96B98,S
267,268,1.0,3.0,"Persson,Mr.ErnstUlrik",male,25.0,1.0,0.0,347083,7.775,B96B98,S
268,269,1.0,1.0,"Graham,Mrs.WilliamThompson(EdithJunkins)",female,58.0,0.0,1.0,PC17582,153.4625,C125,S
269,270,1.0,1.0,"Bissette,Miss.Amelia",female,35.0,0.0,0.0,PC17760,135.6333,C99,S
270,271,0.0,1.0,"Cairns,Mr.Alexander",male,53.32833333333334,0.0,0.0,113798,31.0,B96B98,S
271,272,1.0,3.0,"Tornquist,Mr.WilliamHenry",male,25.0,0.0,0.0,LINE,0.0,B96B98,S
272,273,1.0,2.0,"Mellinger,Mrs.(ElizabethAnneMaidment)",female,41.0,0.0,1.0,250644,19.5,B96B98,S
273,274,0.0,1.0,"Natsch,Mr.CharlesH",male,37.0,0.0,1.0,PC17596,29.7,C118,C
274,275,1.0,3.0,"Healy,Miss.Hanora""Nora""",female,22.236285714285714,0.0,0.0,370375,7.75,B96B98,Q
275,276,1.0,1.0,"Andrews,Miss.KorneliaTheodosia",female,63.0,1.0,0.0,13502,77.9583,D7,S
276,277,0.0,3.0,"Lindblom,Miss.AugustaCharlotta",female,45.0,0.0,0.0,347073,7.75,B96B98,S
277,278,0.0,2.0,"Parkes,Mr.Francis""Frank""",male,36.04170630399722,0.0,0.0,239853,0.0,B96B98,S
278,279,0.0,3.0,"Rice,Master.Eric",male,7.0,4.0,1.0,382652,29.125,B96B98,Q
279,280,1.0,3.0,"Abbott,Mrs.Stanton(RosaHunt)",female,35.0,1.0,1.0,C.A.2673,20.25,B96B98,S
280,281,0.0,3.0,"Duane,Mr.Frank",male,65.0,0.0,0.0,336439,7.75,B96B98,Q
281,282,0.0,3.0,"Olsson,Mr.NilsJohanGoransson",male,28.0,0.0,0.0,347464,7.8542,B96B98,S
282,283,0.0,3.0,"dePelsmaeker,Mr.Alfons",male,16.0,0.0,0.0,345778,9.5,B96B98,S
283,284,1.0,3.0,"Dorking,Mr.EdwardArthur",male,19.0,0.0,0.0,A/5.10482,8.05,B96B98,S
284,285,0.0,1.0,"Smith,Mr.RichardWilliam",male,56.847944444444444,0.0,0.0,113056,26.0,A19,S
285,286,0.0,3.0,"Stankovic,Mr.Ivan",male,33.0,0.0,0.0,349239,8.6625,B96B98,C
286,287,1.0,3.0,"deMulder,Mr.Theodore",male,30.0,0.0,0.0,345774,9.5,B96B98,S
287,288,0.0,3.0,"Naidenoff,Mr.Penko",male,22.0,0.0,0.0,349206,7.8958,B96B98,S
288,289,1.0,2.0,"Hosono,Mr.Masabumi",male,42.0,0.0,0.0,237798,13.0,B96B98,S
289,290,1.0,3.0,"Connolly,Miss.Kate",female,22.0,0.0,0.0,370373,7.75,B96B98,Q
290,291,1.0,1.0,"Barber,Miss.Ellen""Nellie""",female,26.0,0.0,0.0,19877,78.85,B96B98,S
291,292,1.0,1.0,"Bishop,Mrs.DickinsonH(HelenWalton)",female,19.0,1.0,0.0,11967,91.0792,B49,C
292,293,0.0,2.0,"Levy,Mr.ReneJacques",male,36.0,0.0,0.0,SC/Paris2163,12.875,D,C
293,294,0.0,3.0,"Haas,Miss.Aloisia",female,24.0,0.0,0.0,349236,8.85,B96B98,S
294,295,0.0,3.0,"Mineff,Mr.Ivan",male,24.0,0.0,0.0,349233,7.8958,B96B98,S
295,296,0.0,1.0,"Lewy,Mr.ErvinG",male,39.89375,0.0,0.0,PC17612,27.7208,B96B98,C
296,297,0.0,3.0,"Hanna,Mr.Mansour",male,23.5,0.0,0.0,2693,7.2292,B96B98,C
297,298,0.0,1.0,"Allison,Miss.HelenLoraine",female,2.0,1.0,2.0,113781,151.55,C22C26,S
298,299,1.0,1.0,"Saalfeld,Mr.Adolphe",male,36.86535714285714,0.0,0.0,19988,30.5,C106,S
299,300,1.0,1.0,"Baxter,Mrs.James(HeleneDeLaudeniereChaput)",female,50.0,0.0,1.0,PC17558,247.5208,B58B60,C
300,301,1.0,3.0,"Kelly,Miss.AnnaKatherine""AnnieKate""",female,22.236285714285714,0.0,0.0,9234,7.75,B96B98,Q
301,302,1.0,3.0,"McCoy,Mr.Bernard",male,26.05666666666667,2.0,0.0,367226,23.25,B96B98,Q
302,303,0.0,3.0,"Johnson,Mr.WilliamCahooneJr",male,19.0,0.0,0.0,LINE,0.0,B96B98,S
303,304,1.0,2.0,"Keane,Miss.NoraA",female,32.14902173913043,0.0,0.0,226593,12.35,E101,Q
304,305,0.0,3.0,"Williams,Mr.HowardHugh""Harry""",male,31.623219593010766,0.0,0.0,A/52466,8.05,B96B98,S
305,306,1.0,1.0,"Allison,Master.HudsonTrevor",male,0.92,1.0,2.0,113781,151.55,C22C26,S
306,307,1.0,1.0,"Fleming,Miss.Margaret",female,29.87,0.0,0.0,17421,110.8833,B96B98,C
307,308,1.0,1.0,"PenascoyCastellana,Mrs.VictordeSatode(MariaJosefaPerezdeSotoyVallejo)",female,17.0,1.0,0.0,PC17758,108.9,C65,C
308,309,0.0,2.0,"Abelson,Mr.Samuel",male,30.0,1.0,0.0,P/PP3381,24.0,B96B98,C
309,310,1.0,1.0,"Francatelli,Miss.LauraMabel",female,30.0,0.0,0.0,PC17485,56.9292,E36,C
310,311,1.0,1.0,"Hays,Miss.MargaretBechstein",female,24.0,0.0,0.0,11767,83.1583,C54,C
311,312,1.0,1.0,"Ryerson,Miss.EmilyBorie",female,18.0,2.0,2.0,PC17608,262.375,B57B59B63B66,C
312,313,0.0,2.0,"Lahtinen,Mrs.William(AnnaSylfven)",female,26.0,1.0,1.0,250651,26.0,B96B98,S
313,314,0.0,3.0,"Hendekovic,Mr.Ignjac",male,28.0,0.0,0.0,349243,7.8958,B96B98,S
314,315,0.0,2.0,"Hart,Mr.Benjamin",male,43.0,1.0,1.0,F.C.C.13529,26.25,B96B98,S
315,316,1.0,3.0,"Nilsson,Miss.HelminaJosefina",female,26.0,0.0,0.0,347470,7.8542,B96B98,S
316,317,1.0,2.0,"Kantor,Mrs.Sinai(MiriamSternin)",female,24.0,1.0,0.0,244367,26.0,B96B98,S
317,318,0.0,2.0,"Moraweck,Dr.Ernest",male,54.0,0.0,0.0,29011,14.0,B96B98,S
318,319,1.0,1.0,"Wick,Miss.MaryNatalie",female,31.0,0.0,2.0,36928,164.8667,C7,S
319,320,1.0,1.0,"Spedden,Mrs.FredericOakley(MargarettaCorningStone)",female,40.0,1.0,1.0,16966,134.5,E34,C
320,321,0.0,3.0,"Dennis,Mr.Samuel",male,22.0,0.0,0.0,A/521172,7.25,B96B98,S
321,322,0.0,3.0,"Danoff,Mr.Yoto",male,27.0,0.0,0.0,349219,7.8958,B96B98,S
322,323,1.0,2.0,"Slayter,Miss.HildaMary",female,30.0,0.0,0.0,234818,12.35,B96B98,Q
323,324,1.0,2.0,"Caldwell,Mrs.AlbertFrancis(SylviaMaeHarbaugh)",female,22.0,1.0,1.0,248738,29.0,B96B98,S
324,325,0.0,3.0,"Sage,Mr.GeorgeJohnJr",male,9.802603174603176,8.0,2.0,CA.2343,69.55,B96B98,S
325,326,1.0,1.0,"Young,Miss.MarieGrice",female,36.0,0.0,0.0,PC17760,135.6333,C32,C
326,327,0.0,3.0,"Nysveen,Mr.JohanHansen",male,61.0,0.0,0.0,345364,6.2375,B96B98,S
327,328,1.0,2.0,"Ball,Mrs.(AdaEHall)",female,36.0,0.0,0.0,28551,13.0,D,S
328,329,1.0,3.0,"Goldsmith,Mrs.FrankJohn(EmilyAliceBrown)",female,31.0,1.0,1.0,363291,20.525,B96B98,S
329,330,1.0,1.0,"Hippach,Miss.JeanGertrude",female,16.0,0.0,1.0,111361,57.9792,B18,C
330,331,1.0,3.0,"McCoy,Miss.Agnes",female,26.05666666666667,2.0,0.0,367226,23.25,B96B98,Q
331,332,0.0,1.0,"Partner,Mr.Austen",male,45.5,0.0,0.0,113043,28.5,C124,S
332,333,0.0,1.0,"Graham,Mr.GeorgeEdward",male,38.0,0.0,1.0,PC17582,153.4625,C91,S
333,334,0.0,3.0,"VanderPlanke,Mr.LeoEdmondus",male,16.0,2.0,0.0,345764,18.0,B96B98,S
334,335,1.0,1.0,"Frauenthal,Mrs.HenryWilliam(ClaraHeinsheimer)",female,30.778571428571425,1.0,0.0,PC17611,133.65,B96B98,S
335,336,0.0,3.0,"Denkoff,Mr.Mitto",male,28.026151744726427,0.0,0.0,349225,7.8958,B96B98,S
336,337,0.0,1.0,"Pears,Mr.ThomasClinton",male,29.0,1.0,0.0,113776,66.6,C2,S
337,338,1.0,1.0,"Burns,Miss.ElizabethMargaret",female,41.0,0.0,0.0,16966,134.5,E40,C
338,339,1.0,3.0,"Dahl,Mr.KarlEdwart",male,45.0,0.0,0.0,7598,8.05,B96B98,S
339,340,0.0,1.0,"Blackwell,Mr.StephenWeart",male,45.0,0.0,0.0,113784,35.5,T,S
340,341,1.0,2.0,"Navratil,Master.EdmondRoger",male,2.0,1.0,1.0,230080,26.0,F2,S
341,342,1.0,1.0,"Fortune,Miss.AliceElizabeth",female,24.0,3.0,2.0,19950,263.0,C23C25C27,S
342,343,0.0,2.0,"Collander,Mr.ErikGustaf",male,28.0,0.0,0.0,248740,13.0,B96B98,S
343,344,0.0,2.0,"Sedgwick,Mr.CharlesFrederickWaddington",male,25.0,0.0,0.0,244361,13.0,B96B98,S
344,345,0.0,2.0,"Fox,Mr.StanleyHubert",male,36.0,0.0,0.0,229236,13.0,B96B98,S
345,346,1.0,2.0,"Brown,Miss.Amelia""Mildred""",female,24.0,0.0,0.0,248733,13.0,F33,S
346,347,1.0,2.0,"Smith,Miss.MarionElsie",female,40.0,0.0,0.0,31418,13.0,B96B98,S
347,348,1.0,3.0,"Davison,Mrs.ThomasHenry(MaryEFinck)",female,26.224619047619043,1.0,0.0,386525,16.1,B96B98,S
348,349,1.0,3.0,"Coutts,Master.WilliamLoch""William""",male,3.0,1.0,1.0,C.A.37671,15.9,B96B98,S
349,350,0.0,3.0,"Dimic,Mr.Jovan",male,42.0,0.0,0.0,315088,8.6625,B96B98,S
350,351,0.0,3.0,"Odahl,Mr.NilsMartin",male,23.0,0.0,0.0,7267,9.225,B96B98,S
351,352,0.0,1.0,"Williams-Lambert,Mr.FletcherFellows",male,61.132,0.0,0.0,113510,35.0,C128,S
352,353,0.0,3.0,"Elias,Mr.Tannous",male,15.0,1.0,1.0,2695,7.2292,B96B98,C
353,354,0.0,3.0,"Arnold-Franchi,Mr.Josef",male,25.0,1.0,0.0,349237,17.8,B96B98,S
354,355,0.0,3.0,"Yousif,Mr.Wazli",male,34.315269841269846,0.0,0.0,2647,7.225,B96B98,C
355,356,0.0,3.0,"VandenSteen,Mr.LeoPeter",male,28.0,0.0,0.0,345783,9.5,B96B98,S
356,357,1.0,1.0,"Bowerman,Miss.ElsieEdith",female,22.0,0.0,1.0,113505,55.0,E33,S
357,358,0.0,2.0,"Funk,Miss.AnnieClemmer",female,38.0,0.0,0.0,237671,13.0,B96B98,S
358,359,1.0,3.0,"McGovern,Miss.Mary",female,21.73642857142857,0.0,0.0,330931,7.8792,B96B98,Q
359,360,1.0,3.0,"Mockler,Miss.HelenMary""Ellie""",female,21.73642857142857,0.0,0.0,330980,7.8792,B96B98,Q
360,361,0.0,3.0,"Skoog,Mr.Wilhelm",male,40.0,1.0,4.0,347088,27.9,B96B98,S
361,362,0.0,2.0,"delCarlo,Mr.Sebastiano",male,29.0,1.0,0.0,SC/PARIS2167,27.7208,B96B98,C
362,363,0.0,3.0,"Barbara,Mrs.(CatherineDavid)",female,45.0,0.0,1.0,2691,14.4542,B96B98,C
363,364,0.0,3.0,"Asim,Mr.Adola",male,35.0,0.0,0.0,SOTON/O.Q.3101310,7.05,B96B98,S
364,365,0.0,3.0,"O'Brien,Mr.Thomas",male,33.909619047619046,1.0,0.0,370365,15.5,B96B98,Q
365,366,0.0,3.0,"Adahl,Mr.MauritzNilsMartin",male,30.0,0.0,0.0,C7076,7.25,B96B98,S
366,367,1.0,1.0,"Warren,Mrs.FrankManley(AnnaSophiaAtkinson)",female,60.0,1.0,0.0,110813,75.25,D37,C
367,368,1.0,3.0,"Moussa,Mrs.(MantouraBoulos)",female,16.988833333333332,0.0,0.0,2626,7.2292,B96B98,C
368,369,1.0,3.0,"Jermyn,Miss.Annie",female,22.236285714285714,0.0,0.0,14313,7.75,B96B98,Q
369,370,1.0,1.0,"Aubart,Mme.LeontinePauline",female,24.0,0.0,0.0,PC17477,69.3,B35,C
370,371,1.0,1.0,"Harder,Mr.GeorgeAchilles",male,25.0,1.0,0.0,11765,55.4417,E50,C
371,372,0.0,3.0,"Wiklund,Mr.JakobAlfred",male,18.0,1.0,0.0,3101267,6.4958,B96B98,S
372,373,0.0,3.0,"Beavan,Mr.WilliamThomas",male,19.0,0.0,0.0,323951,8.05,B96B98,S
373,374,0.0,1.0,"Ringhini,Mr.Sante",male,22.0,0.0,0.0,PC17760,135.6333,B96B98,C
374,375,0.0,3.0,"Palsson,Miss.StinaViola",female,3.0,3.0,1.0,349909,21.075,B96B98,S
375,376,1.0,1.0,"Meyer,Mrs.EdgarJoseph(LeilaSaks)",female,34.5225,1.0,0.0,PC17604,82.1708,B96B98,C
376,377,1.0,3.0,"Landergren,Miss.AuroraAdelia",female,22.0,0.0,0.0,C7077,7.25,B96B98,S
377,378,0.0,1.0,"Widener,Mr.HarryElkins",male,27.0,0.0,2.0,113503,211.5,C82,C
378,379,0.0,3.0,"Betros,Mr.Tannous",male,20.0,0.0,0.0,2648,4.0125,B96B98,C
379,380,0.0,3.0,"Gustafsson,Mr.KarlGideon",male,19.0,0.0,0.0,347069,7.775,B96B98,S
380,381,1.0,1.0,"Bidois,Miss.Rosalie",female,42.0,0.0,0.0,PC17757,227.525,B96B98,C
381,382,1.0,3.0,"Nakid,Miss.Maria(""Mary"")",female,1.0,0.0,2.0,2653,15.7417,B96B98,C
382,383,0.0,3.0,"Tikkanen,Mr.Juho",male,32.0,0.0,0.0,STON/O2.3101293,7.925,B96B98,S
383,384,1.0,1.0,"Holverson,Mrs.AlexanderOskar(MaryAlineTowner)",female,35.0,1.0,0.0,113789,52.0,B96B98,S
384,385,0.0,3.0,"Plotcharsky,Mr.Vasil",male,28.026151744726427,0.0,0.0,349227,7.8958,B96B98,S
385,386,0.0,2.0,"Davies,Mr.CharlesHenry",male,18.0,0.0,0.0,S.O.C.14879,73.5,B96B98,S
386,387,0.0,3.0,"Goodwin,Master.SidneyLeonard",male,1.0,5.0,2.0,CA2144,46.9,B96B98,S
387,388,1.0,2.0,"Buss,Miss.Kate",female,36.0,0.0,0.0,27849,13.0,B96B98,S
388,389,0.0,3.0,"Sadlier,Mr.Matthew",male,24.535926240426242,0.0,0.0,367655,7.7292,B96B98,Q
389,390,1.0,2.0,"Lehmann,Miss.Bertha",female,17.0,0.0,0.0,SC1748,12.0,B96B98,C
390,391,1.0,1.0,"Carter,Mr.WilliamErnest",male,36.0,1.0,2.0,113760,120.0,B96B98,S
391,392,1.0,3.0,"Jansson,Mr.CarlOlof",male,21.0,0.0,0.0,350034,7.7958,B96B98,S
392,393,0.0,3.0,"Gustafsson,Mr.JohanBirger",male,28.0,2.0,0.0,3101277,7.925,B96B98,S
393,394,1.0,1.0,"Newell,Miss.Marjorie",female,23.0,1.0,0.0,35273,113.275,D36,C
394,395,1.0,3.0,"Sandstrom,Mrs.Hjalmar(AgnesCharlottaBengtsson)",female,24.0,0.0,2.0,PP9549,16.7,G6,S
395,396,0.0,3.0,"Johansson,Mr.Erik",male,22.0,0.0,0.0,350052,7.7958,B96B98,S
396,397,0.0,3.0,"Olsson,Miss.Elina",female,31.0,0.0,0.0,350407,7.8542,B96B98,S
397,398,0.0,2.0,"McKane,Mr.PeterDavid",male,46.0,0.0,0.0,28403,26.0,B96B98,S
398,399,0.0,2.0,"Pain,Dr.Alfred",male,23.0,0.0,0.0,244278,10.5,B96B98,S
399,400,1.0,2.0,"Trout,Mrs.WilliamH(JessieL)",female,28.0,0.0,0.0,240929,12.65,B96B98,S
400,401,1.0,3.0,"Niskanen,Mr.Juha",male,39.0,0.0,0.0,STON/O2.3101289,7.925,B96B98,S
401,402,0.0,3.0,"Adams,Mr.John",male,26.0,0.0,0.0,341826,8.05,B96B98,S
402,403,0.0,3.0,"Jussila,Miss.MariAina",female,21.0,1.0,0.0,4137,9.825,B96B98,S
403,404,0.0,3.0,"Hakkarainen,Mr.PekkaPietari",male,28.0,1.0,0.0,STON/O2.3101279,15.85,B96B98,S
404,405,0.0,3.0,"Oreskovic,Miss.Marija",female,20.0,0.0,0.0,315096,8.6625,B96B98,S
405,406,0.0,2.0,"Gale,Mr.Shadrach",male,34.0,1.0,0.0,28664,21.0,B96B98,S
406,407,0.0,3.0,"Widegren,Mr.Carl/CharlesPeter",male,51.0,0.0,0.0,347064,7.75,B96B98,S
407,408,1.0,2.0,"Richards,Master.WilliamRowe",male,3.0,1.0,1.0,29106,18.75,B96B98,S
408,409,0.0,3.0,"Birkeland,Mr.HansMartinMonsen",male,21.0,0.0,0.0,312992,7.775,B96B98,S
409,410,0.0,3.0,"Lefebre,Miss.Ida",female,7.04252777777778,3.0,1.0,4133,25.4667,B96B98,S
410,411,0.0,3.0,"Sdycoff,Mr.Todor",male,28.026151744726427,0.0,0.0,349222,7.8958,B96B98,S
411,412,0.0,3.0,"Hart,Mr.Henry",male,22.084303030303037,0.0,0.0,394140,6.8583,B96B98,Q
412,413,1.0,1.0,"Minahan,Miss.DaisyE",female,33.0,1.0,0.0,19928,90.0,C78,Q
413,414,0.0,2.0,"Cunningham,Mr.AlfredFleming",male,36.04170630399722,0.0,0.0,239853,0.0,B96B98,S
414,415,1.0,3.0,"Sundman,Mr.JohanJulian",male,44.0,0.0,0.0,STON/O2.3101269,7.925,B96B98,S
415,416,0.0,3.0,"Meek,Mrs.Thomas(AnnieLouiseRowley)",female,31.623219593010766,0.0,0.0,343095,8.05,B96B98,S
416,417,1.0,2.0,"Drew,Mrs.JamesVivian(LuluThorneChristian)",female,34.0,1.0,1.0,28220,32.5,B96B98,S
417,418,1.0,2.0,"Silven,Miss.LyyliKaroliina",female,18.0,0.0,2.0,250652,13.0,B96B98,S
418,419,0.0,2.0,"Matthews,Mr.WilliamJohn",male,30.0,0.0,0.0,28228,13.0,B96B98,S
419,420,0.0,3.0,"VanImpe,Miss.Catharina",female,10.0,0.0,2.0,345773,24.15,B96B98,S
420,421,0.0,3.0,"Gheorgheff,Mr.Stanio",male,28.026151744726427,0.0,0.0,349254,7.8958,B96B98,C
421,422,0.0,3.0,"Charters,Mr.David",male,21.0,0.0,0.0,A/5.13032,7.7333,B96B98,Q
422,423,0.0,3.0,"Zimmerman,Mr.Leo",male,29.0,0.0,0.0,315082,7.875,B96B98,S
423,424,0.0,3.0,"Danbom,Mrs.ErnstGilbert(AnnaSigridMariaBrogren)",female,28.0,1.0,1.0,347080,14.4,B96B98,S
424,425,0.0,3.0,"Rosblom,Mr.ViktorRichard",male,18.0,1.0,1.0,370129,20.2125,B96B98,S
425,426,0.0,3.0,"Wiseman,Mr.Phillippe",male,30.357691364191382,0.0,0.0,A/4.34244,7.25,B96B98,S
426,427,1.0,2.0,"Clarke,Mrs.CharlesV(AdaMariaWinfield)",female,28.0,1.0,0.0,2003,26.0,B96B98,S
427,428,1.0,2.0,"Phillips,Miss.KateFlorence(""MrsKateLouisePhillipsMarshall"")",female,19.0,0.0,0.0,250655,26.0,B96B98,S
428,429,0.0,3.0,"Flynn,Mr.James",male,40.303690989566,0.0,0.0,364851,7.75,B96B98,Q
429,430,1.0,3.0,"Pickard,Mr.Berk(BerkTrembisky)",male,32.0,0.0,0.0,SOTON/O.Q.392078,8.05,E10,S
430,431,1.0,1.0,"Bjornstrom-Steffansson,Mr.MauritzHakan",male,28.0,0.0,0.0,110564,26.55,C52,S
431,432,1.0,3.0,"Thorneycroft,Mrs.Percival(FlorenceKateWhite)",female,26.224619047619043,1.0,0.0,376564,16.1,B96B98,S
432,433,1.0,2.0,"Louch,Mrs.CharlesAlexander(AliceAdelaideSlow)",female,42.0,1.0,0.0,SC/AH3085,26.0,B96B98,S
433,434,0.0,3.0,"Kallio,Mr.NikolaiErland",male,17.0,0.0,0.0,STON/O2.3101274,7.125,B96B98,S
434,435,0.0,1.0,"Silvey,Mr.WilliamBaird",male,50.0,1.0,0.0,13507,55.9,E44,S
435,436,1.0,1.0,"Carter,Miss.LucilePolk",female,14.0,1.0,2.0,113760,120.0,B96B98,S
436,437,0.0,3.0,"Ford,Miss.DoolinaMargaret""Daisy""",female,21.0,2.0,2.0,W./C.6608,34.375,B96B98,S
437,438,1.0,2.0,"Richards,Mrs.Sidney(EmilyHocking)",female,24.0,2.0,3.0,29106,18.75,B96B98,S
438,439,0.0,1.0,"Fortune,Mr.Mark",male,64.0,1.0,4.0,19950,263.0,C23C25C27,S
439,440,0.0,2.0,"Kvillner,Mr.JohanHenrikJohannesson",male,31.0,0.0,0.0,C.A.18723,10.5,B96B98,S
440,441,1.0,2.0,"Hart,Mrs.Benjamin(EstherAdaBloomfield)",female,45.0,1.0,1.0,F.C.C.13529,26.25,B96B98,S
441,442,0.0,3.0,"Hampe,Mr.Leon",male,20.0,0.0,0.0,345769,9.5,B96B98,S
442,443,0.0,3.0,"Petterson,Mr.JohanEmil",male,25.0,1.0,0.0,347076,7.775,B96B98,S
443,444,1.0,2.0,"Reynaldo,Ms.Encarnacion",female,28.0,0.0,0.0,230434,13.0,B96B98,S
444,445,1.0,3.0,"Johannesen-Bratthammer,Mr.Bernt",male,25.29235209235209,0.0,0.0,65306,8.1125,B96B98,S
445,446,1.0,1.0,"Dodge,Master.Washington",male,4.0,0.0,2.0,33638,81.8583,A34,S
446,447,1.0,2.0,"Mellinger,Miss.MadeleineViolet",female,13.0,0.0,1.0,250644,19.5,B96B98,S
447,448,1.0,1.0,"Seward,Mr.FredericKimber",male,34.0,0.0,0.0,113794,26.55,B96B98,S
448,449,1.0,3.0,"Baclini,Miss.MarieCatherine",female,5.0,2.0,1.0,2666,19.2583,B96B98,C
449,450,1.0,1.0,"Peuchen,Major.ArthurGodfrey",male,52.0,0.0,0.0,113786,30.5,C104,S
450,451,0.0,2.0,"West,Mr.EdwyArthur",male,36.0,1.0,2.0,C.A.34651,27.75,B96B98,S
451,452,0.0,3.0,"Hagland,Mr.IngvaldOlaiOlsen",male,23.519583333333333,1.0,0.0,65303,19.9667,B96B98,S
452,453,0.0,1.0,"Foreman,Mr.BenjaminLaventall",male,30.0,0.0,0.0,113051,27.75,C111,C
453,454,1.0,1.0,"Goldenberg,Mr.SamuelL",male,49.0,1.0,0.0,17453,89.1042,C92,C
454,455,0.0,3.0,"Peduzzi,Mr.Joseph",male,31.623219593010766,0.0,0.0,A/52817,8.05,B96B98,S
455,456,1.0,3.0,"Jalsevac,Mr.Ivan",male,29.0,0.0,0.0,349240,7.8958,B96B98,C
456,457,0.0,1.0,"Millet,Mr.FrancisDavis",male,65.0,0.0,0.0,13509,26.55,E38,S
457,458,1.0,1.0,"Kenyon,Mrs.FrederickR(Marion)",female,42.41316666666667,1.0,0.0,17464,51.8625,D21,S
458,459,1.0,2.0,"Toomey,Miss.Ellen",female,50.0,0.0,0.0,F.C.C.13531,10.5,B96B98,S
459,460,0.0,3.0,"O'Connor,Mr.Maurice",male,40.303690989566,0.0,0.0,371060,7.75,B96B98,Q
460,461,1.0,1.0,"Anderson,Mr.Harry",male,48.0,0.0,0.0,19952,26.55,E12,S
461,462,0.0,3.0,"Morley,Mr.William",male,34.0,0.0,0.0,364506,8.05,B96B98,S
462,463,0.0,1.0,"Gee,Mr.ArthurH",male,47.0,0.0,0.0,111320,38.5,E63,S
463,464,0.0,2.0,"Milling,Mr.JacobChristian",male,48.0,0.0,0.0,234360,13.0,B96B98,S
464,465,0.0,3.0,"Maisner,Mr.Simon",male,31.623219593010766,0.0,0.0,A/S2816,8.05,B96B98,S
465,466,0.0,3.0,"Goncalves,Mr.ManuelEstanslas",male,38.0,0.0,0.0,SOTON/O.Q.3101306,7.05,B96B98,S
466,467,0.0,2.0,"Campbell,Mr.William",male,36.04170630399722,0.0,0.0,239853,0.0,B96B98,S
467,468,0.0,1.0,"Smart,Mr.JohnMontgomery",male,56.0,0.0,0.0,113792,26.55,B96B98,S
468,469,0.0,3.0,"Scanlan,Mr.James",male,24.535926240426242,0.0,0.0,36209,7.725,B96B98,Q
469,470,1.0,3.0,"Baclini,Miss.HeleneBarbara",female,0.75,2.0,1.0,2666,19.2583,B96B98,C
470,471,0.0,3.0,"Keefe,Mr.Arthur",male,30.357691364191382,0.0,0.0,323592,7.25,B96B98,S
471,472,0.0,3.0,"Cacic,Mr.Luka",male,38.0,0.0,0.0,315089,8.6625,B96B98,S
472,473,1.0,2.0,"West,Mrs.EdwyArthur(AdaMaryWorth)",female,33.0,1.0,2.0,C.A.34651,27.75,B96B98,S
473,474,1.0,2.0,"Jerwan,Mrs.AminS(MarieMartheThuillard)",female,23.0,0.0,0.0,SC/AHBasle541,13.7917,D,C
474,475,0.0,3.0,"Strandberg,Miss.IdaSofia",female,22.0,0.0,0.0,7553,9.8375,B96B98,S
475,476,0.0,1.0,"Clifford,Mr.GeorgeQuincy",male,45.22,0.0,0.0,110465,52.0,A14,S
476,477,0.0,2.0,"Renouf,Mr.PeterHenry",male,34.0,1.0,0.0,31027,21.0,B96B98,S
477,478,0.0,3.0,"Braund,Mr.LewisRichard",male,29.0,1.0,0.0,3460,7.0458,B96B98,S
478,479,0.0,3.0,"Karlsson,Mr.NilsAugust",male,22.0,0.0,0.0,350060,7.5208,B96B98,S
479,480,1.0,3.0,"Hirvonen,Miss.HildurE",female,2.0,0.0,1.0,3101298,12.2875,B96B98,S
480,481,0.0,3.0,"Goodwin,Master.HaroldVictor",male,9.0,5.0,2.0,CA2144,46.9,B96B98,S
481,482,0.0,2.0,"Frost,Mr.AnthonyWood""Archie""",male,36.04170630399722,0.0,0.0,239854,0.0,B96B98,S
482,483,0.0,3.0,"Rouse,Mr.RichardHenry",male,50.0,0.0,0.0,A/53594,8.05,B96B98,S
483,484,1.0,3.0,"Turkula,Mrs.(Hedwig)",female,63.0,0.0,0.0,4134,9.5875,B96B98,S
484,485,1.0,1.0,"Bishop,Mr.DickinsonH",male,25.0,1.0,0.0,11967,91.0792,B49,C
485,486,0.0,3.0,"Lefebre,Miss.Jeannie",female,7.04252777777778,3.0,1.0,4133,25.4667,B96B98,S
486,487,1.0,1.0,"Hoyt,Mrs.FrederickMaxfield(JaneAnneForby)",female,35.0,1.0,0.0,19943,90.0,C93,S
487,488,0.0,1.0,"Kent,Mr.EdwardAustin",male,58.0,0.0,0.0,11771,29.7,B37,C
488,489,0.0,3.0,"Somerton,Mr.FrancisWilliam",male,30.0,0.0,0.0,A.5.18509,8.05,B96B98,S
489,490,1.0,3.0,"Coutts,Master.EdenLeslie""Neville""",male,9.0,1.0,1.0,C.A.37671,15.9,B96B98,S
490,491,0.0,3.0,"Hagland,Mr.KonradMathiasReiersen",male,23.519583333333333,1.0,0.0,65304,19.9667,B96B98,S
491,492,0.0,3.0,"Windelov,Mr.Einar",male,21.0,0.0,0.0,SOTON/OQ3101317,7.25,B96B98,S
492,493,0.0,1.0,"Molson,Mr.HarryMarkland",male,55.0,0.0,0.0,113787,30.5,C30,S
493,494,0.0,1.0,"Artagaveytia,Mr.Ramon",male,71.0,0.0,0.0,PC17609,49.5042,B96B98,C
494,495,0.0,3.0,"Stanley,Mr.EdwardRoland",male,21.0,0.0,0.0,A/445380,8.05,B96B98,S
495,496,0.0,3.0,"Yousseff,Mr.Gerious",male,18.9324880952381,0.0,0.0,2627,14.4583,B96B98,C
496,497,1.0,1.0,"Eustis,Miss.ElizabethMussey",female,54.0,1.0,0.0,36947,78.2667,D20,C
497,498,0.0,3.0,"Shellard,Mr.FrederickWilliam",male,22.83916666666667,0.0,0.0,C.A.6212,15.1,B96B98,S
498,499,0.0,1.0,"Allison,Mrs.HudsonJC(BessieWaldoDaniels)",female,25.0,1.0,2.0,113781,151.55,C22C26,S
499,500,0.0,3.0,"Svensson,Mr.Olof",male,24.0,0.0,0.0,350035,7.7958,B96B98,S
500,501,0.0,3.0,"Calic,Mr.Petar",male,17.0,0.0,0.0,315086,8.6625,B96B98,S
501,502,0.0,3.0,"Canavan,Miss.Mary",female,21.0,0.0,0.0,364846,7.75,B96B98,Q
502,503,0.0,3.0,"O'Sullivan,Miss.BridgetMary",female,29.768111111111107,0.0,0.0,330909,7.6292,B96B98,Q
503,504,0.0,3.0,"Laitinen,Miss.KristinaSofia",female,37.0,0.0,0.0,4135,9.5875,B96B98,S
504,505,1.0,1.0,"Maioni,Miss.Roberta",female,16.0,0.0,0.0,110152,86.5,B79,S
505,506,0.0,1.0,"PenascoyCastellana,Mr.VictordeSatode",male,18.0,1.0,0.0,PC17758,108.9,C65,C
506,507,1.0,2.0,"Quick,Mrs.FrederickCharles(JaneRichards)",female,33.0,0.0,2.0,26360,26.0,B96B98,S
507,508,1.0,1.0,"Bradley,Mr.George(""GeorgeArthurBrayton"")",male,42.89619194694193,0.0,0.0,111427,26.55,B96B98,S
508,509,0.0,3.0,"Olsen,Mr.HenryMargido",male,28.0,0.0,0.0,C4001,22.525,B96B98,S
509,510,1.0,3.0,"Lang,Mr.Fang",male,26.0,0.0,0.0,1601,56.4958,B96B98,S
510,511,1.0,3.0,"Daly,Mr.EugenePatrick",male,29.0,0.0,0.0,382651,7.75,B96B98,Q
511,512,0.0,3.0,"Webber,Mr.James",male,31.623219593010766,0.0,0.0,SOTON/OQ3101316,8.05,B96B98,S
512,513,1.0,1.0,"McGough,Mr.JamesRobert",male,36.0,0.0,0.0,PC17473,26.2875,E25,S
513,514,1.0,1.0,"Rothschild,Mrs.Martin(ElizabethL.Barrett)",female,54.0,1.0,0.0,PC17603,59.4,B96B98,C
514,515,0.0,3.0,"Coleff,Mr.Satio",male,24.0,0.0,0.0,349209,7.4958,B96B98,S
515,516,0.0,1.0,"Walker,Mr.WilliamAnderson",male,47.0,0.0,0.0,36967,34.0208,D46,S
516,517,1.0,2.0,"Lemore,Mrs.(AmeliaMilley)",female,34.0,0.0,0.0,C.A.34260,10.5,F33,S
517,518,0.0,3.0,"Ryan,Mr.Patrick",male,33.61,0.0,0.0,371110,24.15,B96B98,Q
518,519,1.0,2.0,"Angle,Mrs.WilliamA(Florence""Mary""AgnesHughes)",female,36.0,1.0,0.0,226875,26.0,B96B98,S
519,520,0.0,3.0,"Pavlovic,Mr.Stefo",male,32.0,0.0,0.0,349242,7.8958,B96B98,S
520,521,1.0,1.0,"Perreault,Miss.Anne",female,30.0,0.0,0.0,12749,93.5,B73,S
521,522,0.0,3.0,"Vovk,Mr.Janko",male,22.0,0.0,0.0,349252,7.8958,B96B98,S
522,523,0.0,3.0,"Lahoud,Mr.Sarkis",male,34.315269841269846,0.0,0.0,2624,7.225,B96B98,C
523,524,1.0,1.0,"Hippach,Mrs.LouisAlbert(IdaSophiaFischer)",female,44.0,0.0,1.0,111361,57.9792,B18,C
524,525,0.0,3.0,"Kassem,Mr.Fared",male,26.07142117604618,0.0,0.0,2700,7.2292,B96B98,C
525,526,0.0,3.0,"Farrell,Mr.James",male,40.5,0.0,0.0,367232,7.75,B96B98,Q
526,527,1.0,2.0,"Ridsdale,Miss.Lucy",female,50.0,0.0,0.0,W./C.14258,10.5,B96B98,S
527,528,0.0,1.0,"Farthing,Mr.John",male,30.46733333333334,0.0,0.0,PC17483,221.7792,C95,S
528,529,0.0,3.0,"Salonen,Mr.JohanWerner",male,39.0,0.0,0.0,3101296,7.925,B96B98,S
529,530,0.0,2.0,"Hocking,Mr.RichardGeorge",male,23.0,2.0,1.0,29104,11.5,B96B98,S
530,531,1.0,2.0,"Quick,Miss.PhyllisMay",female,2.0,1.0,1.0,26360,26.0,B96B98,S
531,532,0.0,3.0,"Toufik,Mr.Nakli",male,26.07142117604618,0.0,0.0,2641,7.2292,B96B98,C
532,533,0.0,3.0,"Elias,Mr.JosephJr",male,17.0,1.0,1.0,2690,7.2292,B96B98,C
533,534,1.0,3.0,"Peter,Mrs.Catherine(CatherineRizk)",female,6.889966666666667,0.0,2.0,2668,22.3583,B96B98,C
534,535,0.0,3.0,"Cacic,Miss.Marija",female,30.0,0.0,0.0,315084,8.6625,B96B98,S
535,536,1.0,2.0,"Hart,Miss.EvaMiriam",female,7.0,0.0,2.0,F.C.C.13529,26.25,B96B98,S
536,537,0.0,1.0,"Butt,Major.ArchibaldWillingham",male,45.0,0.0,0.0,113050,26.55,B38,S
537,538,1.0,1.0,"LeRoy,Miss.Bertha",female,30.0,0.0,0.0,PC17761,106.425,B96B98,C
538,539,0.0,3.0,"Risien,Mr.SamuelBeard",male,24.8575,0.0,0.0,364498,14.5,B96B98,S
539,540,1.0,1.0,"Frolicher,Miss.HedwigMargaritha",female,22.0,0.0,2.0,13568,49.5,B39,C
540,541,1.0,1.0,"Crosby,Miss.HarrietR",female,36.0,0.0,2.0,WE/P5735,71.0,B22,S
541,542,0.0,3.0,"Andersson,Miss.IngeborgConstanzia",female,9.0,4.0,2.0,347082,31.275,B96B98,S
542,543,0.0,3.0,"Andersson,Miss.SigridElisabeth",female,11.0,4.0,2.0,347082,31.275,B96B98,S
543,544,1.0,2.0,"Beane,Mr.Edward",male,32.0,1.0,0.0,2908,26.0,B96B98,S
544,545,0.0,1.0,"Douglas,Mr.WalterDonald",male,50.0,1.0,0.0,PC17761,106.425,C86,C
545,546,0.0,1.0,"Nicholson,Mr.ArthurErnest",male,64.0,0.0,0.0,693,26.0,B96B98,S
546,547,1.0,2.0,"Beane,Mrs.Edward(EthelClarke)",female,19.0,1.0,0.0,2908,26.0,B96B98,S
547,548,1.0,2.0,"PadroyManent,Mr.Julian",male,30.390873376623375,0.0,0.0,SC/PARIS2146,13.8625,B96B98,C
548,549,0.0,3.0,"Goldsmith,Mr.FrankJohn",male,33.0,1.0,1.0,363291,20.525,B96B98,S
549,550,1.0,2.0,"Davies,Master.JohnMorganJr",male,8.0,1.0,1.0,C.A.33112,36.75,B96B98,S
550,551,1.0,1.0,"Thayer,Mr.JohnBorlandJr",male,17.0,0.0,2.0,17421,110.8833,C70,C
551,552,0.0,2.0,"Sharp,Mr.PercivalJamesR",male,27.0,0.0,0.0,244358,26.0,B96B98,S
552,553,0.0,3.0,"O'Brien,Mr.Timothy",male,25.216579394461743,0.0,0.0,330979,7.8292,B96B98,Q
553,554,1.0,3.0,"Leeni,Mr.Fahim(""PhilipZenni"")",male,22.0,0.0,0.0,2620,7.225,B96B98,C
554,555,1.0,3.0,"Ohman,Miss.Velin",female,22.0,0.0,0.0,347085,7.775,B96B98,S
555,556,0.0,1.0,"Wright,Mr.George",male,62.0,0.0,0.0,113807,26.55,B96B98,S
556,557,1.0,1.0,"DuffGordon,Lady.(LucilleChristianaSutherland)(""MrsMorgan"")",female,48.0,1.0,0.0,11755,39.6,A16,C
557,558,0.0,1.0,"Robbins,Mr.Victor",male,30.46733333333334,0.0,0.0,PC17757,227.525,B96B98,C
558,559,1.0,1.0,"Taussig,Mrs.Emil(TillieMandelbaum)",female,39.0,1.0,1.0,110413,79.65,E67,S
559,560,1.0,3.0,"deMessemaeker,Mrs.GuillaumeJoseph(Emma)",female,36.0,1.0,0.0,345572,17.4,B96B98,S
560,561,0.0,3.0,"Morrow,Mr.ThomasRowan",male,40.303690989566,0.0,0.0,372622,7.75,B96B98,Q
561,562,0.0,3.0,"Sivic,Mr.Husein",male,40.0,0.0,0.0,349251,7.8958,B96B98,S
562,563,0.0,2.0,"Norman,Mr.RobertDouglas",male,28.0,0.0,0.0,218629,13.5,B96B98,S
563,564,0.0,3.0,"Simmons,Mr.John",male,31.623219593010766,0.0,0.0,SOTON/OQ392082,8.05,B96B98,S
564,565,0.0,3.0,"Meanwell,Miss.(MarionOgden)",female,31.623219593010766,0.0,0.0,SOTON/O.Q.392087,8.05,B96B98,S
565,566,0.0,3.0,"Davies,Mr.AlfredJ",male,24.0,2.0,0.0,A/448871,24.15,B96B98,S
566,567,0.0,3.0,"Stoytcheff,Mr.Ilia",male,19.0,0.0,0.0,349205,7.8958,B96B98,S
567,568,0.0,3.0,"Palsson,Mrs.Nils(AlmaCorneliaBerglund)",female,29.0,0.0,4.0,349909,21.075,B96B98,S
568,569,0.0,3.0,"Doharr,Mr.Tannous",male,26.07142117604618,0.0,0.0,2686,7.2292,B96B98,C
569,570,1.0,3.0,"Jonsson,Mr.Carl",male,32.0,0.0,0.0,350417,7.8542,B96B98,S
570,571,1.0,2.0,"Harris,Mr.George",male,62.0,0.0,0.0,S.W./PP752,10.5,B96B98,S
571,572,1.0,1.0,"Appleton,Mrs.EdwardDale(CharlotteLamson)",female,53.0,2.0,0.0,11769,51.4792,C101,S
572,573,1.0,1.0,"Flynn,Mr.JohnIrwin(""Irving"")",male,36.0,0.0,0.0,PC17474,26.3875,E25,S
573,574,1.0,3.0,"Kelly,Miss.Mary",female,22.236285714285714,0.0,0.0,14312,7.75,B96B98,Q
574,575,0.0,3.0,"Rush,Mr.AlfredGeorgeJohn",male,16.0,0.0,0.0,A/4.20589,8.05,B96B98,S
575,576,0.0,3.0,"Patchett,Mr.George",male,19.0,0.0,0.0,358585,14.5,B96B98,S
576,577,1.0,2.0,"Garside,Miss.Ethel",female,34.0,0.0,0.0,243880,13.0,B96B98,S
577,578,1.0,1.0,"Silvey,Mrs.WilliamBaird(AliceMunger)",female,39.0,1.0,0.0,13507,55.9,E44,S
578,579,0.0,3.0,"Caram,Mrs.Joseph(MariaElias)",female,21.36712698412698,1.0,0.0,2689,14.4583,B96B98,C
579,580,1.0,3.0,"Jussila,Mr.Eiriik",male,32.0,0.0,0.0,STON/O2.3101286,7.925,B96B98,S
580,581,1.0,2.0,"Christy,Miss.JulieRachel",female,25.0,1.0,1.0,237789,30.0,B96B98,S
581,582,1.0,1.0,"Thayer,Mrs.JohnBorland(MarianLongstrethMorris)",female,39.0,1.0,1.0,17421,110.8833,C68,C
582,583,0.0,2.0,"Downton,Mr.WilliamJames",male,54.0,0.0,0.0,28403,26.0,B96B98,S
583,584,0.0,1.0,"Ross,Mr.JohnHugo",male,36.0,0.0,0.0,13049,40.125,A10,C
584,585,0.0,3.0,"Paulner,Mr.Uscher",male,26.293412864912863,0.0,0.0,3411,8.7125,B96B98,C
585,586,1.0,1.0,"Taussig,Miss.Ruth",female,18.0,0.0,2.0,110413,79.65,E68,S
586,587,0.0,2.0,"Jarvis,Mr.JohnDenzil",male,47.0,0.0,0.0,237565,15.0,B96B98,S
587,588,1.0,1.0,"Frolicher-Stehli,Mr.Maxmillian",male,60.0,1.0,1.0,13567,79.2,B41,C
588,589,0.0,3.0,"Gilinski,Mr.Eliezer",male,22.0,0.0,0.0,14973,8.05,B96B98,S
589,590,0.0,3.0,"Murdlin,Mr.Joseph",male,31.623219593010766,0.0,0.0,A./5.3235,8.05,B96B98,S
590,591,0.0,3.0,"Rintamaki,Mr.Matti",male,35.0,0.0,0.0,STON/O2.3101273,7.125,B96B98,S
591,592,1.0,1.0,"Stephenson,Mrs.WalterBertram(MarthaEustis)",female,52.0,1.0,0.0,36947,78.2667,D20,C
592,593,0.0,3.0,"Elsbury,Mr.WilliamJames",male,47.0,0.0,0.0,A/53902,7.25,B96B98,S
593,594,0.0,3.0,"Bourke,Miss.Mary",female,29.82855805305805,0.0,2.0,364848,7.75,B96B98,Q
594,595,0.0,2.0,"Chapman,Mr.JohnHenry",male,37.0,1.0,0.0,SC/AH29037,26.0,B96B98,S
595,596,0.0,3.0,"VanImpe,Mr.JeanBaptiste",male,36.0,1.0,1.0,345773,24.15,B96B98,S
596,597,1.0,2.0,"Leitch,Miss.JessieWills",female,20.800007936507935,0.0,0.0,248727,33.0,B96B98,S
597,598,0.0,3.0,"Johnson,Mr.Alfred",male,49.0,0.0,0.0,LINE,0.0,B96B98,S
598,599,0.0,3.0,"Boulos,Mr.Hanna",male,34.315269841269846,0.0,0.0,2664,7.225,B96B98,C
599,600,1.0,1.0,"DuffGordon,Sir.CosmoEdmund(""MrMorgan"")",male,49.0,1.0,0.0,PC17485,56.9292,A20,C
600,601,1.0,2.0,"Jacobsohn,Mrs.SidneySamuel(AmyFrancesChristy)",female,24.0,2.0,1.0,243847,27.0,B96B98,S
601,602,0.0,3.0,"Slabenoff,Mr.Petco",male,28.026151744726427,0.0,0.0,349214,7.8958,B96B98,S
602,603,0.0,1.0,"Harrington,Mr.CharlesH",male,37.75,0.0,0.0,113796,42.4,B96B98,S
603,604,0.0,3.0,"Torber,Mr.ErnstWilliam",male,44.0,0.0,0.0,364511,8.05,B96B98,S
604,605,1.0,1.0,"Homer,Mr.Harry(""MrEHaven"")",male,35.0,0.0,0.0,111426,26.55,B96B98,C
605,606,0.0,3.0,"Lindell,Mr.EdvardBengtsson",male,36.0,1.0,0.0,349910,15.55,B96B98,S
606,607,0.0,3.0,"Karaic,Mr.Milan",male,30.0,0.0,0.0,349246,7.8958,B96B98,S
607,608,1.0,1.0,"Daniel,Mr.RobertWilliams",male,27.0,0.0,0.0,113804,30.5,B96B98,S
608,609,1.0,2.0,"Laroche,Mrs.Joseph(JulietteMarieLouiseLafargue)",female,22.0,1.0,2.0,SC/Paris2123,41.5792,B96B98,C
609,610,1.0,1.0,"Shutes,Miss.ElizabethW",female,40.0,0.0,0.0,PC17582,153.4625,C125,S
610,611,0.0,3.0,"Andersson,Mrs.AndersJohan(AlfridaKonstantiaBrogren)",female,39.0,1.0,5.0,347082,31.275,B96B98,S
611,612,0.0,3.0,"Jardin,Mr.JoseNeto",male,27.77028823953824,0.0,0.0,SOTON/O.Q.3101305,7.05,B96B98,S
612,613,1.0,3.0,"Murphy,Miss.MargaretJane",female,26.11466666666667,1.0,0.0,367230,15.5,B96B98,Q
613,614,0.0,3.0,"Horgan,Mr.John",male,40.303690989566,0.0,0.0,370377,7.75,B96B98,Q
614,615,0.0,3.0,"Brocklebank,Mr.WilliamAlfred",male,35.0,0.0,0.0,364512,8.05,B96B98,S
615,616,1.0,2.0,"Herman,Miss.Alice",female,24.0,1.0,2.0,220845,65.0,B96B98,S
616,617,0.0,3.0,"Danbom,Mr.ErnstGilbert",male,34.0,1.0,1.0,347080,14.4,B96B98,S
617,618,0.0,3.0,"Lobb,Mrs.WilliamArthur(CordeliaKStanlick)",female,26.0,1.0,0.0,A/5.3336,16.1,B96B98,S
618,619,1.0,2.0,"Becker,Miss.MarionLouise",female,4.0,2.0,1.0,230136,39.0,F4,S
619,620,0.0,2.0,"Gavey,Mr.Lawrence",male,26.0,0.0,0.0,31028,10.5,B96B98,S
620,621,0.0,3.0,"Yasbeck,Mr.Antoni",male,27.0,1.0,0.0,2659,14.4542,B96B98,C
621,622,1.0,1.0,"Kimball,Mr.EdwinNelsonJr",male,42.0,1.0,0.0,11753,52.5542,D19,S
622,623,1.0,3.0,"Nakid,Mr.Sahid",male,20.0,1.0,1.0,2653,15.7417,B96B98,C
623,624,0.0,3.0,"Hansen,Mr.HenryDamsgaard",male,21.0,0.0,0.0,350029,7.8542,B96B98,S
624,625,0.0,3.0,"Bowen,Mr.DavidJohn""Dai""",male,21.0,0.0,0.0,54636,16.1,B96B98,S
625,626,0.0,1.0,"Sutton,Mr.Frederick",male,61.0,0.0,0.0,36963,32.3208,D50,S
626,627,0.0,2.0,"Kirkland,Rev.CharlesLeonard",male,57.0,0.0,0.0,219533,12.35,B96B98,Q
627,628,1.0,1.0,"Longley,Miss.GretchenFiske",female,21.0,0.0,0.0,13502,77.9583,D9,S
628,629,0.0,3.0,"Bostandyeff,Mr.Guentcho",male,26.0,0.0,0.0,349224,7.8958,B96B98,S
629,630,0.0,3.0,"O'Connell,Mr.PatrickD",male,24.535926240426242,0.0,0.0,334912,7.7333,B96B98,Q
630,631,1.0,1.0,"Barkworth,Mr.AlgernonHenryWilson",male,80.0,0.0,0.0,27042,30.0,A23,S
631,632,0.0,3.0,"Lundahl,Mr.JohanSvensson",male,51.0,0.0,0.0,347743,7.0542,B96B98,S
632,633,1.0,1.0,"Stahelin-Maeglin,Dr.Max",male,32.0,0.0,0.0,13214,30.5,B50,C
633,634,0.0,1.0,"Parr,Mr.WilliamHenryMarsh",male,39.05105952380952,0.0,0.0,112052,0.0,B96B98,S
634,635,0.0,3.0,"Skoog,Miss.Mabel",female,9.0,3.0,2.0,347088,27.9,B96B98,S
635,636,1.0,2.0,"Davis,Miss.Mary",female,28.0,0.0,0.0,237668,13.0,B96B98,S
636,637,0.0,3.0,"Leinonen,Mr.AnttiGustaf",male,32.0,0.0,0.0,STON/O2.3101292,7.925,B96B98,S
637,638,0.0,2.0,"Collyer,Mr.Harvey",male,31.0,1.0,1.0,C.A.31921,26.25,B96B98,S
638,639,0.0,3.0,"Panula,Mrs.Juha(MariaEmiliaOjala)",female,41.0,0.0,5.0,3101295,39.6875,B96B98,S
639,640,0.0,3.0,"Thorneycroft,Mr.Percival",male,26.683214285714293,1.0,0.0,376564,16.1,B96B98,S
640,641,0.0,3.0,"Jensen,Mr.HansPeder",male,20.0,0.0,0.0,350050,7.8542,B96B98,S
641,642,1.0,1.0,"Sagesser,Mlle.Emma",female,24.0,0.0,0.0,PC17477,69.3,B35,C
642,643,0.0,3.0,"Skoog,Miss.MargitElizabeth",female,2.0,3.0,2.0,347088,27.9,B96B98,S
643,644,1.0,3.0,"Foo,Mr.Choong",male,30.00414285714286,0.0,0.0,1601,56.4958,B96B98,S
644,645,1.0,3.0,"Baclini,Miss.Eugenie",female,0.75,2.0,1.0,2666,19.2583,B96B98,C
645,646,1.0,1.0,"Harper,Mr.HenrySleeper",male,48.0,1.0,0.0,PC17572,76.7292,D33,C
646,647,0.0,3.0,"Cor,Mr.Liudevit",male,19.0,0.0,0.0,349231,7.8958,B96B98,S
647,648,1.0,1.0,"Simonius-Blumer,Col.OberstAlfons",male,56.0,0.0,0.0,13213,35.5,A26,C
648,649,0.0,3.0,"Willey,Mr.Edward",male,35.902,0.0,0.0,S.O./P.P.751,7.55,B96B98,S
649,650,1.0,3.0,"Stanley,Miss.AmyZillahElsie",female,23.0,0.0,0.0,CA.2314,7.55,B96B98,S
650,651,0.0,3.0,"Mitkoff,Mr.Mito",male,28.026151744726427,0.0,0.0,349221,7.8958,B96B98,S
651,652,1.0,2.0,"Doling,Miss.Elsie",female,18.0,0.0,1.0,231919,23.0,B96B98,S
652,653,0.0,3.0,"Kalvik,Mr.JohannesHalvorsen",male,21.0,0.0,0.0,8475,8.4333,B96B98,S
653,654,1.0,3.0,"O'Leary,Miss.Hanora""Norah""",female,28.470428571428574,0.0,0.0,330919,7.8292,B96B98,Q
654,655,0.0,3.0,"Hegarty,Miss.Hanora""Nora""",female,18.0,0.0,0.0,365226,6.75,B96B98,Q
655,656,0.0,2.0,"Hickman,Mr.LeonardMark",male,24.0,2.0,0.0,S.O.C.14879,73.5,B96B98,S
656,657,0.0,3.0,"Radeff,Mr.Alexander",male,28.026151744726427,0.0,0.0,349223,7.8958,B96B98,S
657,658,0.0,3.0,"Bourke,Mrs.John(Catherine)",female,32.0,1.0,1.0,364849,15.5,B96B98,Q
658,659,0.0,2.0,"Eitemiller,Mr.GeorgeFloyd",male,23.0,0.0,0.0,29751,13.0,B96B98,S
659,660,0.0,1.0,"Newell,Mr.ArthurWebster",male,58.0,0.0,2.0,35273,113.275,D48,C
660,661,1.0,1.0,"Frauenthal,Dr.HenryWilliam",male,50.0,2.0,0.0,PC17611,133.65,B96B98,S
661,662,0.0,3.0,"Badt,Mr.Mohamed",male,40.0,0.0,0.0,2623,7.225,B96B98,C
662,663,0.0,1.0,"Colley,Mr.EdwardPomeroy",male,47.0,0.0,0.0,5727,25.5875,E58,S
663,664,0.0,3.0,"Coleff,Mr.Peju",male,36.0,0.0,0.0,349210,7.4958,B96B98,S
664,665,1.0,3.0,"Lindqvist,Mr.EinoWilliam",male,20.0,1.0,0.0,STON/O2.3101285,7.925,B96B98,S
665,666,0.0,2.0,"Hickman,Mr.Lewis",male,32.0,2.0,0.0,S.O.C.14879,73.5,B96B98,S
666,667,0.0,2.0,"Butler,Mr.ReginaldFenton",male,25.0,0.0,0.0,234686,13.0,B96B98,S
667,668,0.0,3.0,"Rommetvedt,Mr.KnudPaust",male,28.837854005471648,0.0,0.0,312993,7.775,B96B98,S
668,669,0.0,3.0,"Cook,Mr.Jacob",male,43.0,0.0,0.0,A/53536,8.05,B96B98,S
669,670,1.0,1.0,"Taylor,Mrs.ElmerZebley(JulietCumminsWright)",female,41.174,1.0,0.0,19996,52.0,C126,S
670,671,1.0,2.0,"Brown,Mrs.ThomasWilliamSolomon(ElizabethCatherineFord)",female,40.0,1.0,1.0,29750,39.0,B96B98,S
671,672,0.0,1.0,"Davidson,Mr.Thornton",male,31.0,1.0,0.0,F.C.12750,52.0,B71,S
672,673,0.0,2.0,"Mitchell,Mr.HenryMichael",male,70.0,0.0,0.0,C.A.24580,10.5,B96B98,S
673,674,1.0,2.0,"Wilhelms,Mr.Charles",male,31.0,0.0,0.0,244270,13.0,B96B98,S
674,675,0.0,2.0,"Watson,Mr.EnnisHastings",male,36.04170630399722,0.0,0.0,239856,0.0,B96B98,S
675,676,0.0,3.0,"Edvardsson,Mr.GustafHjalmar",male,18.0,0.0,0.0,349912,7.775,B96B98,S
676,677,0.0,3.0,"Sawyer,Mr.FrederickCharles",male,24.5,0.0,0.0,342826,8.05,B96B98,S
677,678,1.0,3.0,"Turja,Miss.AnnaSofia",female,18.0,0.0,0.0,4138,9.8417,B96B98,S
678,679,0.0,3.0,"Goodwin,Mrs.Frederick(AugustaTyler)",female,43.0,1.0,6.0,CA2144,46.9,B96B98,S
679,680,1.0,1.0,"Cardeza,Mr.ThomasDrakeMartinez",male,36.0,0.0,1.0,PC17755,512.3292,B51B53B55,C
680,681,0.0,3.0,"Peters,Miss.Katie",female,23.699049813175094,0.0,0.0,330935,8.1375,B96B98,Q
681,682,1.0,1.0,"Hassab,Mr.Hammad",male,27.0,0.0,0.0,PC17572,76.7292,D49,C
682,683,0.0,3.0,"Olsvigen,Mr.ThorAnderson",male,20.0,0.0,0.0,6563,9.225,B96B98,S
683,684,0.0,3.0,"Goodwin,Mr.CharlesEdward",male,14.0,5.0,2.0,CA2144,46.9,B96B98,S
684,685,0.0,2.0,"Brown,Mr.ThomasWilliamSolomon",male,60.0,1.0,1.0,29750,39.0,B96B98,S
685,686,0.0,2.0,"Laroche,Mr.JosephPhilippeLemercier",male,25.0,1.0,2.0,SC/Paris2123,41.5792,B96B98,C
686,687,0.0,3.0,"Panula,Mr.JaakoArnold",male,14.0,4.0,1.0,3101295,39.6875,B96B98,S
687,688,0.0,3.0,"Dakic,Mr.Branko",male,19.0,0.0,0.0,349228,10.1708,B96B98,S
688,689,0.0,3.0,"Fischer,Mr.EberhardThelander",male,18.0,0.0,0.0,350036,7.7958,B96B98,S
689,690,1.0,1.0,"Madill,Miss.GeorgetteAlexandra",female,15.0,0.0,1.0,24160,211.3375,B5,S
690,691,1.0,1.0,"Dick,Mr.AlbertAdrian",male,31.0,1.0,0.0,17474,57.0,B20,S
691,692,1.0,3.0,"Karun,Miss.Manca",female,4.0,0.0,1.0,349256,13.4167,B96B98,C
692,693,1.0,3.0,"Lam,Mr.Ali",male,30.00414285714286,0.0,0.0,1601,56.4958,B96B98,S
693,694,0.0,3.0,"Saad,Mr.Khalil",male,25.0,0.0,0.0,2672,7.225,B96B98,C
694,695,0.0,1.0,"Weir,Col.John",male,60.0,0.0,0.0,113800,26.55,B96B98,S
695,696,0.0,2.0,"Chapman,Mr.CharlesHenry",male,52.0,0.0,0.0,248731,13.5,B96B98,S
696,697,0.0,3.0,"Kelly,Mr.James",male,44.0,0.0,0.0,363592,8.05,B96B98,S
697,698,1.0,3.0,"Mullens,Miss.Katherine""Katie""",female,18.542690476190472,0.0,0.0,35852,7.7333,B96B98,Q
698,699,0.0,1.0,"Thayer,Mr.JohnBorland",male,49.0,1.0,1.0,17421,110.8833,C68,C
699,700,0.0,3.0,"Humblen,Mr.AdolfMathiasNicolaiOlsen",male,42.0,0.0,0.0,348121,7.65,FG63,S
700,701,1.0,1.0,"Astor,Mrs.JohnJacob(MadeleineTalmadgeForce)",female,18.0,1.0,0.0,PC17757,227.525,C62C64,C
701,702,1.0,1.0,"Silverthorne,Mr.SpencerVictor",male,35.0,0.0,0.0,PC17475,26.2875,E24,S
702,703,0.0,3.0,"Barbara,Miss.Saiide",female,18.0,0.0,1.0,2691,14.4542,B96B98,C
703,704,0.0,3.0,"Gallagher,Mr.Martin",male,25.0,0.0,0.0,36864,7.7417,B96B98,Q
704,705,0.0,3.0,"Hansen,Mr.HenrikJuul",male,26.0,1.0,0.0,350025,7.8542,B96B98,S
705,706,0.0,2.0,"Morley,Mr.HenrySamuel(""MrHenryMarshall"")",male,39.0,0.0,0.0,250655,26.0,B96B98,S
706,707,1.0,2.0,"Kelly,Mrs.Florence""Fannie""",female,45.0,0.0,0.0,223596,13.5,B96B98,S
707,708,1.0,1.0,"Calderhead,Mr.EdwardPennington",male,42.0,0.0,0.0,PC17476,26.2875,E24,S
708,709,1.0,1.0,"Cleaver,Miss.Alice",female,22.0,0.0,0.0,113781,151.55,B96B98,S
709,710,1.0,3.0,"Moubarek,Master.HalimGonios(""WilliamGeorge"")",male,15.201200000000002,1.0,1.0,2661,15.2458,B96B98,C
710,711,1.0,1.0,"Mayne,Mlle.BertheAntonine(""MrsdeVilliers"")",female,24.0,0.0,0.0,PC17482,49.5042,C90,C
711,712,0.0,1.0,"Klaber,Mr.Herman",male,58.46805844155843,0.0,0.0,113028,26.55,C124,S
712,713,1.0,1.0,"Taylor,Mr.ElmerZebley",male,48.0,1.0,0.0,19996,52.0,C126,S
713,714,0.0,3.0,"Larsson,Mr.AugustViktor",male,29.0,0.0,0.0,7545,9.4833,B96B98,S
714,715,0.0,2.0,"Greenberg,Mr.Samuel",male,52.0,0.0,0.0,250647,13.0,B96B98,S
715,716,0.0,3.0,"Soholt,Mr.PeterAndreasLauritzAndersen",male,19.0,0.0,0.0,348124,7.65,FG73,S
716,717,1.0,1.0,"Endres,Miss.CarolineLouise",female,38.0,0.0,0.0,PC17757,227.525,C45,C
717,718,1.0,2.0,"Troutt,Miss.EdwinaCelia""Winnie""",female,27.0,0.0,0.0,34218,10.5,E101,S
718,719,0.0,3.0,"McEvoy,Mr.Michael",male,28.00541666666667,0.0,0.0,36568,15.5,B96B98,Q
719,720,0.0,3.0,"Johnson,Mr.MalkolmJoackim",male,33.0,0.0,0.0,347062,7.775,B96B98,S
720,721,1.0,2.0,"Harper,Miss.AnnieJessie""Nina""",female,6.0,0.0,1.0,248727,33.0,B96B98,S
721,722,0.0,3.0,"Jensen,Mr.SvendLauritz",male,17.0,1.0,0.0,350048,7.0542,B96B98,S
722,723,0.0,2.0,"Gillespie,Mr.WilliamHenry",male,34.0,0.0,0.0,12233,13.0,B96B98,S
723,724,0.0,2.0,"Hodges,Mr.HenryPrice",male,50.0,0.0,0.0,250643,13.0,B96B98,S
724,725,1.0,1.0,"Chambers,Mr.NormanCampbell",male,27.0,1.0,0.0,113806,53.1,E8,S
725,726,0.0,3.0,"Oreskovic,Mr.Luka",male,20.0,0.0,0.0,315094,8.6625,B96B98,S
726,727,1.0,2.0,"Renouf,Mrs.PeterHenry(LillianJefferys)",female,30.0,3.0,0.0,31027,21.0,B96B98,S
727,728,1.0,3.0,"Mannion,Miss.Margareth",female,18.542690476190472,0.0,0.0,36866,7.7375,B96B98,Q
728,729,0.0,2.0,"Bryhl,Mr.KurtArnoldGottfrid",male,25.0,1.0,0.0,236853,26.0,B96B98,S
729,730,0.0,3.0,"Ilmakangas,Miss.PietaSofia",female,25.0,1.0,0.0,STON/O2.3101271,7.925,B96B98,S
730,731,1.0,1.0,"Allen,Miss.ElisabethWalton",female,29.0,0.0,0.0,24160,211.3375,B5,S
731,732,0.0,3.0,"Hassan,Mr.HousseinGN",male,11.0,0.0,0.0,2699,18.7875,B96B98,C
732,733,0.0,2.0,"Knight,Mr.RobertJ",male,36.04170630399722,0.0,0.0,239855,0.0,B96B98,S
733,734,0.0,2.0,"Berriman,Mr.WilliamJohn",male,23.0,0.0,0.0,28425,13.0,B96B98,S
734,735,0.0,2.0,"Troupiansky,Mr.MosesAaron",male,23.0,0.0,0.0,233639,13.0,B96B98,S
735,736,0.0,3.0,"Williams,Mr.Leslie",male,28.5,0.0,0.0,54636,16.1,B96B98,S
736,737,0.0,3.0,"Ford,Mrs.Edward(MargaretAnnWatson)",female,48.0,1.0,3.0,W./C.6608,34.375,B96B98,S
737,738,1.0,1.0,"Lesurer,Mr.GustaveJ",male,35.0,0.0,0.0,PC17755,512.3292,B101,C
738,739,0.0,3.0,"Ivanoff,Mr.Kanio",male,28.026151744726427,0.0,0.0,349201,7.8958,B96B98,S
739,740,0.0,3.0,"Nankoff,Mr.Minko",male,28.026151744726427,0.0,0.0,349218,7.8958,B96B98,S
740,741,1.0,1.0,"Hawksford,Mr.WalterJames",male,39.022595238095235,0.0,0.0,16988,30.0,D45,S
741,742,0.0,1.0,"Cavendish,Mr.TyrellWilliam",male,36.0,1.0,0.0,19877,78.85,C46,S
742,743,1.0,1.0,"Ryerson,Miss.SusanParker""Suzette""",female,21.0,2.0,2.0,PC17608,262.375,B57B59B63B66,C
743,744,0.0,3.0,"McNamee,Mr.Neal",male,24.0,1.0,0.0,376566,16.1,B96B98,S
744,745,1.0,3.0,"Stranden,Mr.Juho",male,31.0,0.0,0.0,STON/O2.3101288,7.925,B96B98,S
745,746,0.0,1.0,"Crosby,Capt.EdwardGifford",male,70.0,1.0,1.0,WE/P5735,71.0,B22,S
746,747,0.0,3.0,"Abbott,Mr.RossmoreEdward",male,16.0,1.0,1.0,C.A.2673,20.25,B96B98,S
747,748,1.0,2.0,"Sinkkonen,Miss.Anna",female,30.0,0.0,0.0,250648,13.0,B96B98,S
748,749,0.0,1.0,"Marvin,Mr.DanielWarner",male,19.0,1.0,0.0,113773,53.1,D30,S
749,750,0.0,3.0,"Connaghton,Mr.Michael",male,31.0,0.0,0.0,335097,7.75,B96B98,Q
750,751,1.0,2.0,"Wells,Miss.Joan",female,4.0,1.0,1.0,29103,23.0,B96B98,S
751,752,1.0,3.0,"Moor,Master.Meier",male,6.0,0.0,1.0,392096,12.475,E121,S
752,753,0.0,3.0,"VandeVelde,Mr.JohannesJoseph",male,33.0,0.0,0.0,345780,9.5,B96B98,S
753,754,0.0,3.0,"Jonkoff,Mr.Lalio",male,23.0,0.0,0.0,349204,7.8958,B96B98,S
754,755,1.0,2.0,"Herman,Mrs.Samuel(JaneLaver)",female,48.0,1.0,2.0,220845,65.0,B96B98,S
755,756,1.0,2.0,"Hamalainen,Master.Viljo",male,0.67,1.0,1.0,250649,14.5,B96B98,S
756,757,0.0,3.0,"Carlsson,Mr.AugustSigfrid",male,28.0,0.0,0.0,350042,7.7958,B96B98,S
757,758,0.0,2.0,"Bailey,Mr.PercyAndrew",male,18.0,0.0,0.0,29108,11.5,B96B98,S
758,759,0.0,3.0,"Theobald,Mr.ThomasLeonard",male,34.0,0.0,0.0,363294,8.05,B96B98,S
759,760,1.0,1.0,"Rothes,theCountess.of(LucyNoelMarthaDyer-Edwards)",female,33.0,0.0,0.0,110152,86.5,B77,S
760,761,0.0,3.0,"Garfirth,Mr.John",male,24.8575,0.0,0.0,358585,14.5,B96B98,S
761,762,0.0,3.0,"Nirva,Mr.IisakkiAntinoAijo",male,41.0,0.0,0.0,SOTON/O23101272,7.125,B96B98,S
762,763,1.0,3.0,"Barah,Mr.HannaAssi",male,20.0,0.0,0.0,2663,7.2292,B96B98,C
763,764,1.0,1.0,"Carter,Mrs.WilliamErnest(LucilePolk)",female,36.0,1.0,2.0,113760,120.0,B96B98,S
764,765,0.0,3.0,"Eklund,Mr.HansLinus",male,16.0,0.0,0.0,347074,7.775,B96B98,S
765,766,1.0,1.0,"Hogeboom,Mrs.JohnC(AnnaAndrews)",female,51.0,1.0,0.0,13502,77.9583,D11,S
766,767,0.0,1.0,"Brewe,Dr.ArthurJackson",male,40.98,0.0,0.0,112379,39.6,B96B98,C
767,768,0.0,3.0,"Mangan,Miss.Mary",female,30.5,0.0,0.0,364850,7.75,B96B98,Q
768,769,0.0,3.0,"Moran,Mr.DanielJ",male,33.956833333333336,1.0,0.0,371110,24.15,B96B98,Q
769,770,0.0,3.0,"Gronnestad,Mr.DanielDanielsen",male,32.0,0.0,0.0,8471,8.3625,B96B98,S
770,771,0.0,3.0,"Lievens,Mr.ReneAime",male,24.0,0.0,0.0,345781,9.5,B96B98,S
771,772,0.0,3.0,"Jensen,Mr.NielsPeder",male,48.0,0.0,0.0,350047,7.8542,B96B98,S
772,773,0.0,2.0,"Mack,Mrs.(Mary)",female,57.0,0.0,0.0,S.O./P.P.3,10.5,E77,S
773,774,0.0,3.0,"Elias,Mr.Dibo",male,34.315269841269846,0.0,0.0,2674,7.225,B96B98,C
774,775,1.0,2.0,"Hocking,Mrs.Elizabeth(ElizaNeeds)",female,54.0,1.0,3.0,29105,23.0,B96B98,S
775,776,0.0,3.0,"Myhrman,Mr.PehrFabianOliverMalkolm",male,18.0,0.0,0.0,347078,7.75,B96B98,S
776,777,0.0,3.0,"Tobin,Mr.Roger",male,40.303690989566,0.0,0.0,383121,7.75,F38,Q
777,778,1.0,3.0,"Emanuel,Miss.VirginiaEthel",female,5.0,0.0,0.0,364516,12.475,B96B98,S
778,779,0.0,3.0,"Kilgannon,Mr.ThomasJ",male,24.535926240426242,0.0,0.0,36865,7.7375,B96B98,Q
779,780,1.0,1.0,"Robert,Mrs.EdwardScott(ElisabethWaltonMcMillan)",female,43.0,0.0,1.0,24160,211.3375,B3,S
780,781,1.0,3.0,"Ayoub,Miss.Banoura",female,13.0,0.0,0.0,2687,7.2292,B96B98,C
781,782,1.0,1.0,"Dick,Mrs.AlbertAdrian(VeraGillespie)",female,17.0,1.0,0.0,17474,57.0,B20,S
782,783,0.0,1.0,"Long,Mr.MiltonClyde",male,29.0,0.0,0.0,113501,30.0,D6,S
783,784,0.0,3.0,"Johnston,Mr.AndrewG",male,24.381666666666664,1.0,2.0,W./C.6607,23.45,B96B98,S
784,785,0.0,3.0,"Ali,Mr.William",male,25.0,0.0,0.0,SOTON/O.Q.3101312,7.05,B96B98,S
785,786,0.0,3.0,"Harmer,Mr.Abraham(DavidLishin)",male,25.0,0.0,0.0,374887,7.25,B96B98,S
786,787,1.0,3.0,"Sjoblom,Miss.AnnaSofia",female,18.0,0.0,0.0,3101265,7.4958,B96B98,S
787,788,0.0,3.0,"Rice,Master.GeorgeHugh",male,8.0,4.0,1.0,382652,29.125,B96B98,Q
788,789,1.0,3.0,"Dean,Master.BertramVere",male,1.0,1.0,2.0,C.A.2315,20.575,B96B98,S
789,790,0.0,1.0,"Guggenheim,Mr.Benjamin",male,46.0,0.0,0.0,PC17593,79.2,B82B84,C
790,791,0.0,3.0,"Keane,Mr.Andrew""Andy""",male,40.303690989566,0.0,0.0,12460,7.75,B96B98,Q
791,792,0.0,2.0,"Gaskell,Mr.Alfred",male,16.0,0.0,0.0,239865,26.0,B96B98,S
792,793,0.0,3.0,"Sage,Miss.StellaAnna",female,9.802603174603176,8.0,2.0,CA.2343,69.55,B96B98,S
793,794,0.0,1.0,"Hoyt,Mr.WilliamFisher",male,53.765,0.0,0.0,PC17600,30.6958,B96B98,C
794,795,0.0,3.0,"Dantcheff,Mr.Ristiu",male,25.0,0.0,0.0,349203,7.8958,B96B98,S
795,796,0.0,2.0,"Otter,Mr.Richard",male,39.0,0.0,0.0,28213,13.0,B96B98,S
796,797,1.0,1.0,"Leader,Dr.Alice(Farnham)",female,49.0,0.0,0.0,17465,25.9292,D17,S
797,798,1.0,3.0,"Osman,Mrs.Mara",female,31.0,0.0,0.0,349244,8.6833,B96B98,S
798,799,0.0,3.0,"IbrahimShawah,Mr.Yousseff",male,30.0,0.0,0.0,2685,7.2292,B96B98,C
799,800,0.0,3.0,"VanImpe,Mrs.JeanBaptiste(RosaliePaulaGovaert)",female,30.0,1.0,1.0,345773,24.15,B96B98,S
800,801,0.0,2.0,"Ponesell,Mr.Martin",male,34.0,0.0,0.0,250647,13.0,B96B98,S
801,802,1.0,2.0,"Collyer,Mrs.Harvey(CharlotteAnnieTate)",female,31.0,1.0,1.0,C.A.31921,26.25,B96B98,S
802,803,1.0,1.0,"Carter,Master.WilliamThorntonII",male,11.0,1.0,2.0,113760,120.0,B96B98,S
803,804,1.0,3.0,"Thomas,Master.AssadAlexander",male,0.42,0.0,1.0,2625,8.5167,B96B98,C
804,805,1.0,3.0,"Hedman,Mr.OskarArvid",male,27.0,0.0,0.0,347089,6.975,B96B98,S
805,806,0.0,3.0,"Johansson,Mr.KarlJohan",male,31.0,0.0,0.0,347063,7.775,B96B98,S
806,807,0.0,1.0,"Andrews,Mr.ThomasJr",male,39.0,0.0,0.0,112050,0.0,A36,S
807,808,0.0,3.0,"Pettersson,Miss.EllenNatalia",female,18.0,0.0,0.0,347087,7.775,B96B98,S
808,809,0.0,2.0,"Meyer,Mr.August",male,39.0,0.0,0.0,248723,13.0,B96B98,S
809,810,1.0,1.0,"Chambers,Mrs.NormanCampbell(BerthaGriggs)",female,33.0,1.0,0.0,113806,53.1,E8,S
810,811,0.0,3.0,"Alexander,Mr.William",male,26.0,0.0,0.0,3474,7.8875,B96B98,S
811,812,0.0,3.0,"Lester,Mr.James",male,39.0,0.0,0.0,A/448871,24.15,B96B98,S
812,813,0.0,2.0,"Slemen,Mr.RichardJames",male,35.0,0.0,0.0,28206,10.5,B96B98,S
813,814,0.0,3.0,"Andersson,Miss.EbbaIrisAlfrida",female,6.0,4.0,2.0,347082,31.275,B96B98,S
814,815,0.0,3.0,"Tomlin,Mr.ErnestPortage",male,30.5,0.0,0.0,364499,8.05,B96B98,S
815,816,0.0,1.0,"Fry,Mr.Richard",male,39.05105952380952,0.0,0.0,112058,0.0,B102,S
816,817,0.0,3.0,"Heininen,Miss.WendlaMaria",female,23.0,0.0,0.0,STON/O2.3101290,7.925,B96B98,S
817,818,0.0,2.0,"Mallet,Mr.Albert",male,31.0,1.0,1.0,S.C./PARIS2079,37.0042,B96B98,C
818,819,0.0,3.0,"Holm,Mr.JohnFredrikAlexander",male,43.0,0.0,0.0,C7075,6.45,B96B98,S
819,820,0.0,3.0,"Skoog,Master.KarlThorsten",male,10.0,3.0,2.0,347088,27.9,B96B98,S
820,821,1.0,1.0,"Hays,Mrs.CharlesMelville(ClaraJenningsGregg)",female,52.0,1.0,1.0,12749,93.5,B69,S
821,822,1.0,3.0,"Lulic,Mr.Nikola",male,27.0,0.0,0.0,315098,8.6625,B96B98,S
822,823,0.0,1.0,"Reuchlin,Jonkheer.JohnGeorge",male,38.0,0.0,0.0,19972,0.0,B96B98,S
823,824,1.0,3.0,"Moor,Mrs.(Beila)",female,27.0,0.0,1.0,392096,12.475,E121,S
824,825,0.0,3.0,"Panula,Master.UrhoAbraham",male,2.0,4.0,1.0,3101295,39.6875,B96B98,S
825,826,0.0,3.0,"Flynn,Mr.John",male,38.159897186147184,0.0,0.0,368323,6.95,B96B98,Q
826,827,0.0,3.0,"Lam,Mr.Len",male,29.781666666666666,0.0,0.0,1601,56.4958,B96B98,S
827,828,1.0,2.0,"Mallet,Master.Andre",male,1.0,0.0,2.0,S.C./PARIS2079,37.0042,B96B98,C
828,829,1.0,3.0,"McCormack,Mr.ThomasJoseph",male,22.236285714285714,0.0,0.0,367228,7.75,B96B98,Q
829,830,1.0,1.0,"Stone,Mrs.GeorgeNelson(MarthaEvelyn)",female,62.0,0.0,0.0,113572,80.0,B28,S
830,831,1.0,3.0,"Yasbeck,Mrs.Antoni(SeliniAlexander)",female,15.0,1.0,0.0,2659,14.4542,B96B98,C
831,832,1.0,2.0,"Richards,Master.GeorgeSibley",male,0.83,1.0,1.0,29106,18.75,B96B98,S
832,833,0.0,3.0,"Saad,Mr.Amin",male,26.07142117604618,0.0,0.0,2671,7.2292,B96B98,C
833,834,0.0,3.0,"Augustsson,Mr.Albert",male,23.0,0.0,0.0,347468,7.8542,B96B98,S
834,835,0.0,3.0,"Allum,Mr.OwenGeorge",male,18.0,0.0,0.0,2223,8.3,B96B98,S
835,836,1.0,1.0,"Compton,Miss.SaraRebecca",female,39.0,1.0,1.0,PC17756,83.1583,E49,C
836,837,0.0,3.0,"Pasic,Mr.Jakob",male,21.0,0.0,0.0,315097,8.6625,B96B98,S
837,838,0.0,3.0,"Sirota,Mr.Maurice",male,31.623219593010766,0.0,0.0,392092,8.05,B96B98,S
838,839,1.0,3.0,"Chip,Mr.Chang",male,32.0,0.0,0.0,1601,56.4958,B96B98,S
839,840,1.0,1.0,"Marechal,Mr.Pierre",male,40.30003571428571,0.0,0.0,11774,29.7,C47,C
840,841,0.0,3.0,"Alhomaki,Mr.IlmariRudolf",male,20.0,0.0,0.0,SOTON/O23101287,7.925,B96B98,S
841,842,0.0,2.0,"Mudd,Mr.ThomasCharles",male,16.0,0.0,0.0,S.O./P.P.3,10.5,B96B98,S
842,843,1.0,1.0,"Serepeca,Miss.Augusta",female,30.0,0.0,0.0,113798,31.0,B96B98,C
843,844,0.0,3.0,"Lemberopolous,Mr.PeterL",male,34.5,0.0,0.0,2683,6.4375,B96B98,C
844,845,0.0,3.0,"Culumovic,Mr.Jeso",male,17.0,0.0,0.0,315090,8.6625,B96B98,S
845,846,0.0,3.0,"Abbing,Mr.Anthony",male,42.0,0.0,0.0,C.A.5547,7.55,B96B98,S
846,847,0.0,3.0,"Sage,Mr.DouglasBullen",male,9.802603174603176,8.0,2.0,CA.2343,69.55,B96B98,S
847,848,0.0,3.0,"Markoff,Mr.Marin",male,35.0,0.0,0.0,349213,7.8958,B96B98,C
848,849,0.0,2.0,"Harper,Rev.John",male,28.0,0.0,1.0,248727,33.0,B96B98,S
849,850,1.0,1.0,"Goldenberg,Mrs.SamuelL(EdwigaGrabowska)",female,43.82283333333333,1.0,0.0,17453,89.1042,C92,C
850,851,0.0,3.0,"Andersson,Master.SigvardHaraldElias",male,4.0,4.0,2.0,347082,31.275,B96B98,S
851,852,0.0,3.0,"Svensson,Mr.Johan",male,74.0,0.0,0.0,347060,7.775,B96B98,S
852,853,0.0,3.0,"Boulos,Miss.Nourelain",female,9.0,1.0,1.0,2678,15.2458,B96B98,C
853,854,1.0,1.0,"Lines,Miss.MaryConover",female,16.0,0.0,1.0,PC17592,39.4,D28,S
854,855,0.0,2.0,"Carter,Mrs.ErnestCourtenay(LilianHughes)",female,44.0,1.0,0.0,244252,26.0,B96B98,S
855,856,1.0,3.0,"Aks,Mrs.Sam(LeahRosen)",female,18.0,0.0,1.0,392091,9.35,B96B98,S
856,857,1.0,1.0,"Wick,Mrs.GeorgeDennick(MaryHitchcock)",female,45.0,1.0,1.0,36928,164.8667,B96B98,S
857,858,1.0,1.0,"Daly,Mr.PeterDenis",male,51.0,0.0,0.0,113055,26.55,E17,S
858,859,1.0,3.0,"Baclini,Mrs.Solomon(LatifaQurban)",female,24.0,0.0,3.0,2666,19.2583,B96B98,C
859,860,0.0,3.0,"Razi,Mr.Raihed",male,26.07142117604618,0.0,0.0,2629,7.2292,B96B98,C
860,861,0.0,3.0,"Hansen,Mr.ClausPeter",male,41.0,2.0,0.0,350026,14.1083,B96B98,S
861,862,0.0,2.0,"Giles,Mr.FrederickEdward",male,21.0,1.0,0.0,28134,11.5,B96B98,S
862,863,1.0,1.0,"Swift,Mrs.FrederickJoel(MargaretWellesBarron)",female,48.0,0.0,0.0,17466,25.9292,D17,S
863,864,0.0,3.0,"Sage,Miss.DorothyEdith""Dolly""",female,9.802603174603176,8.0,2.0,CA.2343,69.55,B96B98,S
864,865,0.0,2.0,"Gill,Mr.JohnWilliam",male,24.0,0.0,0.0,233866,13.0,B96B98,S
865,866,1.0,2.0,"Bystrom,Mrs.(Karolina)",female,42.0,0.0,0.0,236852,13.0,B96B98,S
866,867,1.0,2.0,"DuranyMore,Miss.Asuncion",female,27.0,1.0,0.0,SC/PARIS2149,13.8583,B96B98,C
867,868,0.0,1.0,"Roebling,Mr.WashingtonAugustusII",male,31.0,0.0,0.0,PC17590,50.4958,A24,S
868,869,0.0,3.0,"vanMelkebeke,Mr.Philemon",male,24.85367279942281,0.0,0.0,345777,9.5,B96B98,S
869,870,1.0,3.0,"Johnson,Master.HaroldTheodor",male,4.0,1.0,1.0,347742,11.1333,B96B98,S
870,871,0.0,3.0,"Balkic,Mr.Cerin",male,26.0,0.0,0.0,349248,7.8958,B96B98,S
871,872,1.0,1.0,"Beckwith,Mrs.RichardLeonard(SallieMonypeny)",female,47.0,1.0,1.0,11751,52.5542,D35,S
872,873,0.0,1.0,"Carlsson,Mr.FransOlof",male,33.0,0.0,0.0,695,5.0,B51B53B55,S
873,874,0.0,3.0,"VanderCruyssen,Mr.Victor",male,47.0,0.0,0.0,345765,9.0,B96B98,S
874,875,1.0,2.0,"Abelson,Mrs.Samuel(HannahWizosky)",female,28.0,1.0,0.0,P/PP3381,24.0,B96B98,C
875,876,1.0,3.0,"Najib,Miss.AdeleKiamie""Jane""",female,15.0,0.0,0.0,2667,7.225,B96B98,C
876,877,0.0,3.0,"Gustafsson,Mr.AlfredOssian",male,20.0,0.0,0.0,7534,9.8458,B96B98,S
877,878,0.0,3.0,"Petroff,Mr.Nedelio",male,19.0,0.0,0.0,349212,7.8958,B96B98,S
878,879,0.0,3.0,"Laleff,Mr.Kristo",male,28.026151744726427,0.0,0.0,349217,7.8958,B96B98,S
879,880,1.0,1.0,"Potter,Mrs.ThomasJr(LilyAlexeniaWilson)",female,56.0,0.0,1.0,11767,83.1583,C50,C
880,881,1.0,2.0,"Shelley,Mrs.William(ImanitaParrishHall)",female,25.0,0.0,1.0,230433,26.0,B96B98,S
881,882,0.0,3.0,"Markun,Mr.Johann",male,33.0,0.0,0.0,349257,7.8958,B96B98,S
882,883,0.0,3.0,"Dahlberg,Miss.GerdaUlrika",female,22.0,0.0,0.0,7552,10.5167,B96B98,S
883,884,0.0,2.0,"Banfield,Mr.FrederickJames",male,28.0,0.0,0.0,C.A./SOTON34068,10.5,B96B98,S
884,885,0.0,3.0,"Sutehall,Mr.HenryJr",male,25.0,0.0,0.0,SOTON/OQ392076,7.05,B96B98,S
885,886,0.0,3.0,"Rice,Mrs.William(MargaretNorton)",female,39.0,0.0,5.0,382652,29.125,B96B98,Q
886,887,0.0,2.0,"Montvila,Rev.Juozas",male,27.0,0.0,0.0,211536,13.0,B96B98,S
887,888,1.0,1.0,"Graham,Miss.MargaretEdith",female,19.0,0.0,0.0,112053,30.0,B42,S
888,889,0.0,3.0,"Johnston,Miss.CatherineHelen""Carrie""",female,24.381666666666664,1.0,2.0,W./C.6607,23.45,B96B98,S
889,890,1.0,1.0,"Behr,Mr.KarlHowell",male,26.0,0.0,0.0,111369,30.0,C148,C
890,891,0.0,3.0,"Dooley,Mr.Patrick",male,32.0,0.0,0.0,370376,7.75,B96B98,Q
